Unnamed: 0,bottle,station,cast,niskin,depth,counts,run_time,dic_cell_id,dbs_fname,analysis_datetime,analysis_datenum,real_day,salinity,dic_certified,alkalinity_certified,total_phosphate,total_silicate,total_ammonium,crm,temperature_override,file_good,flag,notes,analyte_volume,file_path,analysis_batch,reference_good,file_name,analyte_mass,titrant_molinity_here,titrant_molinity,alkalinity,alkalinity_gran,alkalinity_gran_estimate,alkalinity_npts,alkalinity_std,emf0,emf0_gran,emf0_gran_estimate,pH_initial,temperature_initial,alkalinity_offset,blank_good,k_dic_good,logfile_index,blank_here,blank_here_min,blank_here_max,blank_here_std,blank_here_count,analysis_datenum_scaled,blank,counts_corrected,temperature_analysis_dic,density_analysis_dic,k_dic_here,k_dic,dic,dic_offset,dic_corrected,datetime
12,NUTSLAB01,27,8,22,0,200541,11,C_Aug27-22_0908,data/64PE503_SO289_2022.dbs,2022-08-27 10:40:00,19231.444444444445,True,35.0,,,0.0,0.0,0.0,False,25.0,True,2,,98.865,data/64PE503_SO289_2022/,0,False,27-8  22  (0)NUTSLAB01.dat,0.1011728114802129,,0.1000349242380455,2367.400887868714,2373.87177772672,,6.0,2.478602464743074,636.4299323656652,630.137469241607,,8.012765284529177,25.0,,True,False,17928,39.5,13.0,65.0,16.357974609753292,6.0,-1.1268087896458108,35.78922361517687,200147.31854023304,25.0,1.0233430585162893,,0.010865649713665,2125.123765964249,,,2022-11-04 10:40:00
18,NUTSLAB02,27,8,22,0,200181,11,C_Aug27-22_0908,data/64PE503_SO289_2022.dbs,2022-08-27 12:36:00,19231.525,True,35.0,,,0.0,0.0,0.0,False,25.0,True,2,,98.865,data/64PE503_SO289_2022/,0,False,27-8  22  (0)NUTSLAB02.dat,0.1011728114802129,,0.1000349242380455,2368.741552781831,2377.5827048478486,,6.0,2.2208357844420386,636.6692518542994,630.5006873709436,,8.015120271600175,25.0,,True,False,18042,36.333333333333336,13.0,67.0,17.30767331432956,6.0,-0.4884213923223917,28.995080514664757,199862.05411433868,25.0,1.0233430585162893,,0.010865649713665,2122.094885959891,,,2022-11-04 12:36:00
24,NUTSLAB03,27,8,22,0,199886,11,C_Aug27-22_0908,data/64PE503_SO289_2022.dbs,2022-08-27 14:34:00,19231.606944444444,True,35.0,,,0.0,0.0,0.0,False,25.0,True,2,,98.865,data/64PE503_SO289_2022/,0,False,27-8  22  (0)NUTSLAB03.dat,0.1011728114802129,,0.1000349242380455,2367.067627908743,2370.504374216602,,6.0,1.894556575054598,637.2754748423016,630.8413230166328,,8.015225461882105,25.0,,True,False,18156,29.33333333333333,5.0,64.0,24.308206204672715,6.0,0.160972684243353,23.90872262710665,199623.00405110183,25.0,1.0233430585162893,,0.010865649713665,2119.5567007154173,,,2022-11-04 14:34:00
30,NUTSLAB04,27,8,22,0,199935,11,C_Aug27-22_0908,data/64PE503_SO289_2022.dbs,2022-08-27 16:32:00,19231.68888888889,True,35.0,,,0.0,0.0,0.0,False,25.0,True,2,,98.865,data/64PE503_SO289_2022/,0,False,27-8  22  (0)NUTSLAB04.dat,0.1011728114802129,,0.1000349242380455,2362.9813100786514,2375.231600978433,,6.0,0.6817716855781475,637.68005777439,631.7157844193772,,8.010231879273501,25.0,,True,False,18270,28.83333333333333,0.0,63.0,26.384444070112394,6.0,0.810366760837928,18.85979241923281,199727.54228338844,25.0,1.0233430585162893,,0.010865649713665,2120.666666532119,,,2022-11-04 16:32:00
37,NUTSLAB05,27,8,22,0,199945,11,C_Aug27-22_0908,data/64PE503_SO289_2022.dbs,2022-08-27 18:43:00,19231.77986111111,True,35.0,,,0.0,0.0,0.0,False,25.0,True,2,,98.865,data/64PE503_SO289_2022/,0,False,27-8  22  (0)NUTSLAB05.dat,0.1011728114802129,,0.1000349242380455,2366.9035195762394,2376.963308488209,,6.0,1.579157960415183,638.244333766168,632.1668433454972,,8.01385389364643,25.0,,True,False,18403,23.166666666666668,0.0,83.0,29.996759084200335,6.0,1.5313042526229408,13.25543456260098,199799.1902198114,25.0,1.0233430585162893,,0.010865649713665,2121.427409836527,,,2022-11-04 18:43:00
49,NUTSLAB06,29,8,22,0,200506,11,C_Aug29-22_0808,data/64PE503_SO289_2022.dbs,2022-08-29 10:55:00,19233.45486111111,True,35.0,,,0.0,0.0,0.0,False,25.0,True,2,,98.865,data/64PE503_SO289_2022/,0,False,29-8  22  (0)NUTSLAB06.dat,0.1011728114802129,,0.1000349242380455,2367.633673112808,2375.686923237321,,6.0,3.268334728959401,638.5586515634589,632.3753662167169,,8.016631439644826,25.0,,True,False,18639,50.5,0.0,69.0,23.935677693908453,6.0,-0.772944093448427,45.81265834490341,200002.0607582061,25.0,1.0233430585162893,,0.010834020171481,2117.3997737706827,,,2022-11-04 10:55:00
54,NUTSLAB07,29,8,22,0,200358,11,C_Aug29-22_0808,data/64PE503_SO289_2022.dbs,2022-08-29 13:08:00,19233.547222222223,True,35.0,,,0.0,0.0,0.0,False,25.0,True,2,,98.865,data/64PE503_SO289_2022/,0,False,29-8  22  (0)NUTSLAB07.dat,0.1011728114802129,,0.1000349242380455,2364.0535335246523,2372.1547955920296,,6.0,2.104717268235435,639.0267442335572,632.8210602433869,,8.019472794208294,25.0,,True,False,18738,42.0,8.0,60.0,18.009256878986797,6.0,-0.0446496315340126,35.446810468380136,199968.0850848478,25.0,1.0233430585162893,,0.010834020171481,2117.04007706151,,2117.3997737706827,2022-11-04 13:08:00
56,NUTSLAB08,29,8,22,0,200088,11,C_Aug29-22_0808,data/64PE503_SO289_2022.dbs,2022-08-29 13:51:00,19233.577083333334,True,35.0,,,0.0,0.0,0.0,False,25.0,True,2,,98.865,data/64PE503_SO289_2022/,0,False,29-8  22  (0)NUTSLAB08.dat,0.1011728114802129,,0.1000349242380455,2364.1932647280614,2372.5887313991407,,6.0,1.4143063842801058,638.9173100493408,632.7239518096659,,8.011706748162545,25.0,,True,False,18776,40.833333333333336,15.0,65.0,18.791990019390944,6.0,0.1908139914769287,31.921445038470665,199736.8641045768,25.0,1.0233430585162893,,0.010834020171481,2114.592166027689,,2117.3997737706827,2022-11-04 13:51:00
58,NUTSLAB09,29,8,22,0,205871,11,C_Aug29-22_0808,data/64PE503_SO289_2022.dbs,2022-08-29 14:47:00,19233.615972222226,True,35.0,,,0.0,0.0,0.0,False,25.0,True,2,,98.865,data/64PE503_SO289_2022/,0,False,29-8  22  (0)NUTSLAB09.dat,0.1011728114802129,,0.1000349242380455,2365.594514336633,2373.9001423699374,,6.0,1.3124344733310795,638.9650071120429,632.7831973159041,,8.01251299549441,25.0,,True,False,18814,31.33333333333333,0.0,70.0,21.738342980907163,6.0,0.497464291216778,27.204301190289925,205571.7526869068,25.0,1.0233430585162893,,0.010834020171481,2176.365488349298,,2235.3312029279136,2022-11-04 14:47:00
79,NUTSLAB01,17,10,22,0,201546,11,C_Oct17-22_0910,data/64PE503_SO289_2022.dbs,2022-10-17 11:17:00,19282.47013888889,True,35.0,,,0.0,0.0,0.0,False,25.0,True,2,,98.865,data/64PE503_SO289_2022/,1,False,17-10  22  (0)NUTSLAB01.dat,0.1011728114802129,,0.1000914554221089,2364.087743592093,2369.596538157681,,6.0,1.9179054516507343,632.4084432063097,626.0708111934114,,7.973523990943216,25.0,,True,False,21294,33.666666666666664,5.0,83.0,29.36362072739365,6.0,-1.053836092931432,44.93446953584466,201051.7208351057,25.0,1.0233430585162893,,0.0108748232547671,2136.5288120667487,,,2022-11-04 11:17:00
85,NUTSLAB02,17,10,22,0,201217,11,C_Oct17-22_0910,data/64PE503_SO289_2022.dbs,2022-10-17 12:54:00,19282.5375,True,35.0,,,0.0,0.0,0.0,False,25.0,True,2,,98.865,data/64PE503_SO289_2022/,1,False,17-10  22  (0)NUTSLAB02.dat,0.1011728114802129,,0.1000914554221089,2365.3626992057525,2370.9914014865712,,6.0,1.6628788104895231,632.3994695178617,626.0719684701157,,7.975062654262518,25.0,,True,False,21408,42.5,11.0,71.0,22.669730185131595,6.0,-0.4914895714837468,41.89271736059677,200756.18010903345,25.0,1.0233430585162893,,0.0108748232547671,2133.3881710726314,,,2022-11-04 12:54:00
91,NUTSLAB03,17,10,22,0,201527,11,C_Oct17-22_0910,data/64PE503_SO289_2022.dbs,2022-10-17 14:27:00,19282.60208333333,True,35.0,,,0.0,0.0,0.0,False,25.0,True,2,,98.865,data/64PE503_SO289_2022/,1,False,17-10  22  (0)NUTSLAB03.dat,0.1011728114802129,,0.1000914554221089,2364.616079614324,2370.883490170189,,6.0,1.3773709163795094,632.4533839311703,626.1560319267896,,7.974283646516498,25.0,,True,False,21522,47.0,2.0,99.0,33.1762967593833,6.0,0.0476674027328316,39.040114021423534,201097.55874576437,25.0,1.0233430585162893,,0.0108748232547671,2137.015920639609,,,2022-11-04 14:27:00
97,NUTSLAB04,17,10,22,0,201071,11,C_Oct17-22_0910,data/64PE503_SO289_2022.dbs,2022-10-17 16:01:00,19282.66736111111,True,35.0,,,0.0,0.0,0.0,False,25.0,True,2,,98.865,data/64PE503_SO289_2022/,1,False,17-10  22  (0)NUTSLAB04.dat,0.1011728114802129,,0.1000914554221089,2365.438913142747,2371.655046215102,,6.0,1.5727513115096206,632.654900473594,626.3572301529913,,7.975154456426438,25.0,,True,False,21636,36.0,0.0,64.0,23.15887159024233,6.0,0.5926217637268162,36.15706040763216,200673.27233551609,25.0,1.0233430585162893,,0.0108748232547671,2132.5071298851776,,,2022-11-04 16:01:00
103,NUTSLAB05,17,10,22,0,200903,11,C_Oct17-22_0910,data/64PE503_SO289_2022.dbs,2022-10-17 17:43:00,19282.73819444445,True,35.0,,,0.0,0.0,0.0,False,25.0,True,2,,98.865,data/64PE503_SO289_2022/,1,False,17-10  22  (0)NUTSLAB05.dat,0.1011728114802129,,0.1000914554221089,2364.745780528018,2370.415024363064,,6.0,2.149330399193896,632.7860924294635,626.4628773422899,,7.977372059741811,25.0,,True,False,21750,31.0,5.0,63.0,21.939310229205777,6.0,1.183955219304497,33.02864153560929,200539.6849431083,25.0,1.0233430585162893,,0.0108748232547671,2131.087528443208,,,2022-11-04 17:43:00
117,NUTSLAB01,18,10,22,0,201537,11,C_Oct18-22_0810,data/64PE503_SO289_2022.dbs,2022-10-18 11:31:00,19283.47986111111,True,35.0,,,0.0,0.0,0.0,False,25.0,True,2,,98.865,data/64PE503_SO289_2022/,1,False,18-10  22  (0)NUTSLAB01.dat,0.1011728114802129,,0.1000914554221089,2365.4530666089786,2371.970451765853,,6.0,1.804345114445951,632.7367502406692,626.4546999351119,,7.974002478917786,25.0,,True,False,22042,42.0,15.0,81.0,21.10292238845922,6.0,-0.623574108603319,45.27306834535147,201038.99624820115,25.0,1.0233430585162893,,0.0108573554241293,2132.9619800632963,,,2022-11-04 11:31:00
123,NUTSLAB02,18,10,22,0,201792,11,C_Oct18-22_0810,data/64PE503_SO289_2022.dbs,2022-10-18 13:07:00,19283.546527777777,True,35.0,,,0.0,0.0,0.0,False,25.0,True,2,,98.865,data/64PE503_SO289_2022/,1,False,18-10  22  (0)NUTSLAB02.dat,0.1011728114802129,,0.1000914554221089,2364.4082257391137,2371.9288499947183,,6.0,1.4479388128288502,632.792244748804,626.5639457843517,,7.974940530373833,25.0,,True,False,22156,43.0,0.0,80.0,28.7981480886069,6.0,0.0566885553275744,44.66469159983618,201300.6883924018,25.0,1.0233430585162893,,0.0108573554241293,2135.7384533071845,,,2022-11-04 13:07:00
129,NUTSLAB03,18,10,22,0,201587,11,C_Oct18-22_0810,data/64PE503_SO289_2022.dbs,2022-10-18 14:52:00,19283.619444444445,True,35.0,,,0.0,0.0,0.0,False,25.0,True,2,,98.865,data/64PE503_SO289_2022/,1,False,18-10  22  (0)NUTSLAB03.dat,0.1011728114802129,,0.1000914554221089,2364.722147894319,2371.364528726325,,6.0,1.4307884888597255,632.934036486324,626.655330700798,,7.976492132071506,25.0,,True,False,22270,35.0,0.0,86.0,32.424270744819125,6.0,0.8007258440251902,45.33893873975772,201088.27167386268,25.0,1.0233430585162893,,0.0108573554241293,2133.4847771894706,,,2022-11-04 14:52:00
135,NUTSLAB04,18,10,22,0,201643,11,C_Oct18-22_0810,data/64PE503_SO289_2022.dbs,2022-10-18 16:22:00,19283.681944444445,True,35.0,,,0.0,0.0,0.0,False,25.0,True,2,,98.865,data/64PE503_SO289_2022/,1,False,18-10  22  (0)NUTSLAB04.dat,0.1011728114802129,,0.1000914554221089,2366.0038270511936,2371.3968817458035,,6.0,1.9380613486214364,633.0649758800287,626.7234457752018,,7.975324766065967,25.0,,True,False,22384,41.66666666666666,0.0,90.0,33.38995191504308,6.0,1.4384720914696834,46.14684303497906,201135.38472661524,25.0,1.0233430585162893,,0.0108573554241293,2133.984632203479,,,2022-11-04 16:22:00
140,NUTSLAB01,19,10,22,0,201683,11,C_Oct19-22_0810,data/64PE503_SO289_2022.dbs,2022-10-19 09:50:00,19284.409722222223,True,35.0,,,0.0,0.0,0.0,False,25.0,True,2,,98.865,data/64PE503_SO289_2022/,1,False,19-10  22  (0)NUTSLAB01.dat,0.1011728114802129,,0.1000914554221089,2363.443395991187,2370.5104947500968,,6.0,1.6792709135454285,632.7929081735668,626.5393633593998,,7.976642094642856,25.0,,True,False,22483,46.5,29.0,68.0,13.313526955694348,6.0,-1.303587917866109,54.6019465606455,201082.3785878329,25.0,1.0233430585162893,,0.0108627591164461,2134.484054964529,,,2022-11-04 09:50:00
146,NUTSLAB02,19,10,22,0,202023,11,C_Oct19-22_0810,data/64PE503_SO289_2022.dbs,2022-10-19 11:26:00,19284.47638888889,True,35.0,,,0.0,0.0,0.0,False,25.0,True,2,,98.865,data/64PE503_SO289_2022/,1,False,19-10  22  (0)NUTSLAB02.dat,0.1011728114802129,,0.1000914554221089,2364.2014573116053,2371.4158472887893,,6.0,1.786479102303286,632.8009105686806,626.5576282316541,,7.976777363134112,25.0,,True,False,22597,59.5,28.0,100.0,21.36781068180204,6.0,-0.6457148224724564,57.196783751184284,201393.83537873696,25.0,1.0233430585162893,,0.0108627591164461,2137.790160445596,,,2022-11-04 11:26:00
152,NUTSLAB03,19,10,22,0,201792,11,C_Oct19-22_0810,data/64PE503_SO289_2022.dbs,2022-10-19 12:57:00,19284.53958333333,True,35.0,,,0.0,0.0,0.0,False,25.0,True,2,,98.865,data/64PE503_SO289_2022/,1,False,19-10  22  (0)NUTSLAB03.dat,0.1011728114802129,,0.1000914554221089,2364.3940679275165,2371.01977874997,,6.0,1.8190988300108335,632.8186647216885,626.5454598558631,,7.977922645505616,25.0,,True,False,22711,55.66666666666666,38.0,100.0,21.522597943143904,6.0,-0.0221059507658109,57.18835086327408,201162.928140504,25.0,1.0233430585162893,,0.0108627591164461,2135.339086305507,,,2022-11-04 12:57:00
158,NUTSLAB04,19,10,22,0,201239,11,C_Oct19-22_0810,data/64PE503_SO289_2022.dbs,2022-10-19 14:37:00,19284.609027777777,True,35.0,,,0.0,0.0,0.0,False,25.0,True,2,,98.865,data/64PE503_SO289_2022/,1,False,19-10  22  (0)NUTSLAB04.dat,0.1011728114802129,,0.1000914554221089,2365.094971063078,2370.332748858946,,6.0,1.7456880252476277,632.9263249324941,626.5758703663925,,7.976361779816091,25.0,,True,False,22825,53.0,32.0,69.0,12.569805089976535,6.0,0.663178523584627,54.50403345947348,200639.4556319458,25.0,1.0233430585162893,,0.0108627591164461,2129.7824396685583,,,2022-11-04 14:37:00
166,NUTSLAB05,19,10,22,0,201356,11,C_Oct19-22_0810,data/64PE503_SO289_2022.dbs,2022-10-19 16:42:00,19284.69583333333,True,35.0,,,0.0,0.0,0.0,False,25.0,True,2,,98.865,data/64PE503_SO289_2022/,1,False,19-10  22  (0)NUTSLAB05.dat,0.1011728114802129,,0.1000914554221089,2364.333754905744,2369.7592839944828,,6.0,1.1796316279860073,632.8983861665992,626.5502868642257,,7.978425041969902,25.0,,True,False,22977,49.0,20.0,77.0,16.832508230603462,6.0,1.5197841165854995,47.35821983489632,200835.0595818161,25.0,1.0233430585162893,,0.0108627591164461,2131.858770349638,,,2022-11-04 16:42:00
172,NUTSLAB01,20,10,22,0,201329,11,C_Oct20-22_0810,data/64PE503_SO289_2022.dbs,2022-10-20 09:48:00,19285.408333333333,True,35.0,,,0.0,0.0,0.0,False,25.0,True,2,,98.865,data/64PE503_SO289_2022/,2,False,20-10  22  (0)NUTSLAB01.dat,0.1011728114802129,,0.1001495661933763,2365.175055319469,2372.451422841852,,6.0,1.7253797925193288,632.7383542502154,626.4941212885218,,7.978255467464477,25.0,,True,False,23095,48.5,3.0,80.0,26.247222075234298,6.0,-1.104968528962436,57.52592890041751,200696.2147820954,25.0,1.0233430585162893,,0.0108287573509677,2123.7165709454343,,,2022-11-04 09:48:00
179,NUTSLAB02,20,10,22,0,201397,11,C_Oct20-22_0810,data/64PE503_SO289_2022.dbs,2022-10-20 11:35:00,19285.48263888889,True,35.0,,,0.0,0.0,0.0,False,25.0,True,2,,98.865,data/64PE503_SO289_2022/,2,False,20-10  22  (0)NUTSLAB02.dat,0.1011728114802129,,0.1001495661933763,2365.17505537793,2372.302473022455,,6.0,1.7253797925192436,632.7883542524285,626.5430190698836,,7.978255467501887,25.0,,True,False,23228,48.0,25.0,68.0,16.6332999331662,6.0,-0.5275928814084846,56.29033695989915,200777.8062934411,25.0,1.0233430585162893,,0.0108287573509677,2124.5799516767624,,,2022-11-04 11:35:00
185,NUTSLAB03,20,10,22,0,201011,11,C_Oct20-22_0810,data/64PE503_SO289_2022.dbs,2022-10-20 13:08:00,19285.547222222223,True,35.0,,,0.0,0.0,0.0,False,25.0,True,2,,98.865,data/64PE503_SO289_2022/,2,False,20-10  22  (0)NUTSLAB03.dat,0.1011728114802129,,0.1001495661933763,2364.8147452139906,2370.8066345551542,,6.0,1.6801242472544198,632.9778974515083,626.6651908532817,,7.97892388599446,25.0,,True,False,23342,45.16666666666666,18.0,91.0,24.148268859048446,6.0,-0.0257617111225477,54.29439926087957,200413.76160813036,25.0,1.0233430585162893,,0.0108287573509677,2120.727722916004,,,2022-11-04 13:08:00
191,NUTSLAB04,20,10,22,0,201209,11,C_Oct20-22_0810,data/64PE503_SO289_2022.dbs,2022-10-20 16:27:00,19285.685416666667,True,35.0,,,0.0,0.0,0.0,False,25.0,True,2,,98.865,data/64PE503_SO289_2022/,2,False,20-10  22  (0)NUTSLAB04.dat,0.1011728114802129,,0.1001495661933763,2366.1396177658157,2372.4962877502485,,6.0,1.533922543607685,633.1376917425752,626.8461271758599,,7.979089443800177,25.0,,True,False,23456,48.0,8.0,65.0,19.270011243726177,6.0,1.0480490726106149,47.22958242841696,200689.47459328745,25.0,1.0233430585162893,,0.0108287573509677,2123.64524797266,,,2022-11-04 16:27:00
197,NUTSLAB05,20,10,2,0,201198,11,C_Oct20-22_0810,data/64PE503_SO289_2022.dbs,2022-10-20 18:06:00,19285.754166666666,True,35.0,,,0.0,0.0,0.0,False,25.0,True,2,,98.865,data/64PE503_SO289_2022/,2,False,20-10  2  (0)NUTSLAB05.dat,0.1011728114802129,,0.1001495661933763,2365.4820338766563,2371.4206078575803,,6.0,1.624694499462047,633.1985909654508,626.8869879990278,,7.9784285037874305,25.0,,True,False,23570,43.833333333333336,9.0,94.0,32.72825826237762,6.0,1.5822564474238334,42.33824084554658,200732.27935069895,25.0,1.0233430585162893,,0.0108287573509677,2124.0981970864686,,,2022-11-04 18:06:00
202,NUTSLAB01,21,10,22,0,201555,11,C_Oct21-22_0810,data/64PE503_SO289_2022.dbs,2022-10-21 09:23:00,19286.390972222223,True,35.0,,,0.0,0.0,0.0,False,25.0,True,2,,98.865,data/64PE503_SO289_2022/,2,False,21-10  22  (0)NUTSLAB01.dat,0.1011728114802129,,0.1001495661933763,2364.222836511171,2370.3195044052704,,6.0,1.6203141076288596,633.2626093752949,626.9546313435442,,7.976975113919683,25.0,,True,False,23669,28.0,3.0,53.0,17.635192088548397,6.0,-1.3224227057661715,50.586277912861306,200998.5509429585,25.0,1.0233430585162893,,0.010877536341919,2136.4966756358704,,,2022-11-04 09:23:00
208,NUTSLAB02,21,10,22,0,201042,11,C_Oct21-22_0810,data/64PE503_SO289_2022.dbs,2022-10-21 10:58:00,19286.45694444445,True,35.0,,,0.0,0.0,0.0,False,25.0,True,2,,98.865,data/64PE503_SO289_2022/,2,False,21-10  22  (0)NUTSLAB02.dat,0.1011728114802129,,0.1001495661933763,2364.148974885536,2371.142312396524,,6.0,1.4026027524537152,633.468786424532,627.2079177424655,,7.979615052777809,25.0,,True,False,23783,38.0,26.0,52.0,9.073771725877464,6.0,-0.6523375597605405,38.045183003691086,200623.5029869594,25.0,1.0233430585162893,,0.010877536341919,2132.5101358949764,,,2022-11-04 10:58:00
214,NUTSLAB03,21,10,22,0,200993,11,C_Oct21-22_0810,data/64PE503_SO289_2022.dbs,2022-10-21 12:28:00,19286.51944444445,True,35.0,,,0.0,0.0,0.0,False,25.0,True,2,,98.865,data/64PE503_SO289_2022/,2,False,21-10  22  (0)NUTSLAB03.dat,0.1011728114802129,,0.1001495661933763,2364.506571167103,2369.5262924652307,,6.0,1.7753926214689424,633.6676288383786,627.3027363794828,,7.98128583558757,25.0,,True,False,23897,49.66666666666666,40.0,68.0,10.656244908763853,6.0,-0.0175200530222532,34.09937200696136,200617.90690792343,25.0,1.0233430585162893,,0.010877536341919,2132.4506528579054,,,2022-11-04 12:28:00
220,NUTSLAB04,21,10,22,0,200846,11,C_Oct21-22_0810,data/64PE503_SO289_2022.dbs,2022-10-21 14:02:00,19286.584722222226,True,35.0,,,0.0,0.0,0.0,False,25.0,True,2,,98.865,data/64PE503_SO289_2022/,2,False,21-10  22  (0)NUTSLAB04.dat,0.1011728114802129,,0.1001495661933763,2364.8340612404554,2371.141004406547,,6.0,1.7027448098654787,633.7214656473532,627.4300816890733,,7.980505516056637,25.0,,True,False,24011,25.666666666666668,5.0,45.0,15.293426329272616,6.0,0.6455115651077384,30.0141799017073,200515.84402108123,25.0,1.0233430585162893,,0.010877536341919,2131.365784248549,,,2022-11-04 14:02:00
228,NUTSLAB05,21,10,22,0,200848,11,C_Oct21-22_0810,data/64PE503_SO289_2022.dbs,2022-10-21 16:11:00,19286.67430555556,True,35.0,,,0.0,0.0,0.0,False,25.0,True,2,,98.865,data/64PE503_SO289_2022/,2,False,21-10  22  (0)NUTSLAB05.dat,0.1011728114802129,,0.1001495661933763,2365.5732485355,2372.0124163648943,,6.0,1.787399551172436,633.7858999262183,627.4967282304311,,7.980749505899264,25.0,,True,False,24163,15.5,0.0,52.0,18.10846947333393,6.0,1.555416658109137,24.408166784687623,200579.51016536844,25.0,1.0233430585162893,,0.010877536341919,2132.042518010967,,,2022-11-04 16:11:00
235,NUTSLAB01,22,10,22,0,201670,11,C_Oct22-22_0810,data/64PE503_SO289_2022.dbs,2022-10-22 09:23:00,19287.390972222223,True,35.0,,,0.0,0.0,0.0,False,25.0,True,2,,98.865,data/64PE503_SO289_2022/,2,False,22-10  22  (0)NUTSLAB01.dat,0.1011728114802129,,0.1001495661933763,2363.395972913416,2369.950569810841,,6.0,1.0760054089359217,633.8726086924377,627.5826815460746,,7.979679662485954,25.0,,True,False,24299,76.33333333333333,49.0,100.0,15.986105077709064,6.0,-1.22791224693173,79.8456330849183,200791.6980360659,25.0,1.0233430585162893,,0.0108707538772618,2132.9671528844547,,,2022-11-04 09:23:00
242,NUTSLAB02,22,10,22,0,201089,11,C_Oct22-22_0810,data/64PE503_SO289_2022.dbs,2022-10-22 11:16:00,19287.469444444443,True,35.0,,,0.0,0.0,0.0,False,25.0,True,2,,98.865,data/64PE503_SO289_2022/,2,False,22-10  22  (0)NUTSLAB02.dat,0.1011728114802129,,0.1001495661933763,2364.1489749047864,2370.9953857497785,,6.0,1.4026027524538855,634.0187864253472,627.7569284381312,,7.982150577893729,25.0,,True,False,24432,48.5,0.0,91.0,32.72486312678277,6.0,-0.506714456956214,53.001100749430464,200505.98789175623,25.0,1.0233430585162893,,0.0108707538772618,2129.932115285694,,,2022-11-04 11:16:00
248,NUTSLAB03,22,10,22,0,200975,11,C_Oct22-22_0810,data/64PE503_SO289_2022.dbs,2022-10-22 12:47:00,19287.53263888889,True,35.0,,,0.0,0.0,0.0,False,25.0,True,2,,98.865,data/64PE503_SO289_2022/,2,False,22-10  22  (0)NUTSLAB03.dat,0.1011728114802129,,0.1001495661933763,2364.393666793458,2370.59210910364,,6.0,1.7089965366124344,634.1054764324119,627.8000884601416,,7.981925592419085,25.0,,True,False,24546,41.833333333333336,4.0,58.0,19.428644374279493,6.0,0.0740731438598813,45.56648029127417,200473.768716796,25.0,1.0233430585162893,,0.0108707538772618,2129.589857898783,,,2022-11-04 12:47:00
254,NUTSLAB04,22,10,22,0,200879,11,C_Oct22-22_0810,data/64PE503_SO289_2022.dbs,2022-10-22 14:25:00,19287.600694444445,True,35.0,,,0.0,0.0,0.0,False,25.0,True,2,,98.865,data/64PE503_SO289_2022/,2,False,22-10  22  (0)NUTSLAB04.dat,0.1011728114802129,,0.1001495661933763,2364.0572533929367,2370.5301129059326,,6.0,1.3797919602494704,634.1002595551491,627.813997159574,,7.9801470588626255,25.0,,True,False,24660,42.333333333333336,14.0,68.0,21.22629396657729,6.0,0.6995367139463754,38.72768991087413,200452.9954109804,25.0,1.0233430585162893,,0.0108707538772618,2129.3691875254817,,,2022-11-04 14:25:00
260,NUTSLAB05,22,10,22,0,200565,11,C_Oct22-22_0810,data/64PE503_SO289_2022.dbs,2022-10-22 16:01:00,19287.66736111111,True,35.0,,,0.0,0.0,0.0,False,25.0,True,2,,98.865,data/64PE503_SO289_2022/,2,False,22-10  22  (0)NUTSLAB05.dat,0.1011728114802129,,0.1001495661933763,2364.814745124638,2371.1988379867685,,6.0,1.680124247254192,634.1778974480022,627.888214127162,,7.981459411037335,25.0,,True,False,24774,0.0,0.0,0.0,0.0,6.0,1.3122357213698548,32.152418914576906,200211.3233919397,25.0,1.0233430585162893,,0.0108707538772618,2126.801957488448,,,2022-11-04 16:01:00
261,NUTSLAB06,22,10,22,0,200557,11,C_Oct22-22_0810,data/64PE503_SO289_2022.dbs,2022-10-22 16:31:00,19287.688194444443,True,35.0,,,0.0,0.0,0.0,False,25.0,True,2,,98.865,data/64PE503_SO289_2022/,2,False,22-10  22  (0)NUTSLAB06.dat,0.1011728114802129,,0.1001495661933763,2365.0920458647115,2370.4990140447467,,6.0,1.4002459636881013,634.1629030636434,627.8181694169147,,7.98036077841707,25.0,,True,False,24793,38.333333333333336,17.0,74.0,17.829438827088442,6.0,1.5037041611813335,30.101053922940675,200225.8884068477,25.0,1.0233430585162893,,0.0108707538772618,2126.9566785186694,,,2022-11-04 16:31:00
269,NUTSLAB01,24,10,22,0,200829,11,C_Oct24-22_0810,data/64PE503_SO289_2022.dbs,2022-10-24 09:53:00,19289.411805555555,True,35.0,,,0.0,0.0,0.0,False,25.0,True,2,,98.865,data/64PE503_SO289_2022/,2,False,24-10  22  (0)NUTSLAB01.dat,0.1011728114802129,,0.1001495661933763,2364.148974857047,2372.667599966034,,6.0,1.4026027524536977,634.8687864234756,628.6926775257982,,7.980460227793999,25.0,,True,False,24948,42.0,19.0,80.0,20.752509888364507,6.0,-1.0661557026947484,44.13811254040337,200343.48076205555,25.0,1.0233430585162893,,0.0108754050972471,2129.1164226382657,,,2022-11-04 09:53:00
276,NUTSLAB02,24,10,22,0,200722,11,C_Oct24-22_0810,data/64PE503_SO289_2022.dbs,2022-10-24 11:43:00,19289.48819444445,True,35.0,,,0.0,0.0,0.0,False,25.0,True,2,,98.865,data/64PE503_SO289_2022/,2,False,24-10  22  (0)NUTSLAB02.dat,0.1011728114802129,,0.1001495661933763,2364.222836483414,2371.45715829906,,6.0,1.62031410762894,634.9626093742468,628.7163954961302,,7.9812009890722,25.0,,True,False,25081,29.33333333333333,2.0,87.0,32.59175083088084,6.0,-0.2917652803459708,34.42171808840125,200343.3611010276,25.0,1.0233430585162893,,0.0108754050972471,2129.1151509609504,,,2022-11-04 11:43:00
283,NUTSLAB03,24,10,22,0,200517,11,C_Oct24-22_0810,data/64PE503_SO289_2022.dbs,2022-10-24 13:34:00,19289.56527777778,True,35.0,,,0.0,0.0,0.0,False,25.0,True,2,,98.865,data/64PE503_SO289_2022/,2,False,24-10  22  (0)NUTSLAB03.dat,0.1011728114802129,,0.1001495661933763,2364.707396453532,2372.779836897754,,6.0,1.627743329414041,634.997206483973,628.7976988831743,,7.981785801340015,25.0,,True,False,25214,19.33333333333333,0.0,69.0,26.15126935521274,6.0,0.4896650549191687,27.63394525910383,200213.02660214985,25.0,1.0233430585162893,,0.0108754050972471,2127.730043140414,,,2022-11-04 13:34:00
290,NUTSLAB04,24,10,22,0,200451,11,C_Oct24-22_0810,data/64PE503_SO289_2022.dbs,2022-10-24 16:59:00,19289.70763888889,True,35.0,,,0.0,0.0,0.0,False,25.0,True,2,,98.865,data/64PE503_SO289_2022/,2,False,24-10  22  (0)NUTSLAB04.dat,0.1011728114802129,,0.1001495661933763,2368.232864345965,2377.101300065238,,6.0,1.1978238654939704,634.6916822019941,628.5366213936721,,7.981692421635825,25.0,,True,False,25347,21.666666666666668,0.0,48.0,18.696404883173543,6.0,1.932847205613134,19.26028511187964,200239.1368637693,25.0,1.0233430585162893,,0.0108754050972471,2128.007525525177,,,2022-11-04 16:59:00
297,NUTSLAB01,25,10,22,0,201028,11,C_Oct25-22_0810,data/64PE503_SO289_2022.dbs,2022-10-25 09:51:00,19290.410416666666,True,35.0,,,0.0,0.0,0.0,False,25.0,True,2,,98.865,data/64PE503_SO289_2022/,2,False,25-10  22  (0)NUTSLAB01.dat,0.1011728114802129,,0.1001495661933763,2366.293559812511,2373.8271201510724,,6.0,1.274667701705949,634.8985754180279,628.6668471309272,,7.983499291185839,25.0,,True,False,25483,38.333333333333336,18.0,66.0,15.520595635763756,6.0,-1.1164207275797056,34.75249773780962,200645.7225248841,25.0,1.0233430585162893,,0.0108838600549635,2133.9861998517977,,,2022-11-04 09:51:00
304,NUTSLAB02,25,10,22,0,200750,11,C_Oct25-22_0810,data/64PE503_SO289_2022.dbs,2022-10-25 11:42:00,19290.4875,True,35.0,,,0.0,0.0,0.0,False,25.0,True,2,,98.865,data/64PE503_SO289_2022/,2,False,25-10  22  (0)NUTSLAB02.dat,0.1011728114802129,,0.1001495661933763,2365.213172022128,2372.971019359229,,6.0,1.7257503055786063,634.9254367394184,628.7118111516628,,7.982262991482161,25.0,,True,False,25616,33.833333333333336,2.0,67.0,24.6739854007324,6.0,-0.3862556706369864,30.32937839959654,200416.37683760445,25.0,1.0233430585162893,,0.0108838600549635,2131.546972513723,,,2022-11-04 11:42:00
312,NUTSLAB04,25,10,22,0,200318,11,C_Oct25-22_0810,data/64PE503_SO289_2022.dbs,2022-10-25 13:53:00,19290.578472222223,True,35.0,,,0.0,0.0,0.0,False,25.0,True,2,,98.865,data/64PE503_SO289_2022/,2,False,25-10  22  (0)NUTSLAB04.dat,0.1011728114802129,,0.1001495661933763,2363.3701854410365,2371.721013512273,,6.0,1.4086937779691329,634.867314550745,628.6837205171546,,7.983816048128483,25.0,,True,False,25768,14.833333333333334,2.0,27.0,8.454124568648266,6.0,0.4754706578418453,25.392574310644253,200038.6816825829,25.0,1.0233430585162893,,0.0108838600549635,2127.5299606461176,,,2022-11-04 13:53:00
318,NUTSLAB05,25,10,22,0,200337,11,C_Oct25-22_0810,data/64PE503_SO289_2022.dbs,2022-10-25 15:30:00,19290.64583333333,True,35.0,,,0.0,0.0,0.0,False,25.0,True,2,,98.865,data/64PE503_SO289_2022/,2,False,25-10  22  (0)NUTSLAB05.dat,0.1011728114802129,,0.1001495661933763,2365.092045888462,2371.7283358159248,,6.0,1.4002459636880151,634.8629030644591,628.5784916946707,,7.985431828635141,25.0,,True,False,25882,15.666666666666666,0.0,48.0,16.254913786982144,6.0,1.1135428246955017,21.7375545178255,200097.8869003039,25.0,1.0233430585162893,,0.0108838600549635,2128.159643232848,,,2022-11-04 15:30:00
322,NUTSLAB06,25,10,22,0,200794,11,C_Oct25-22_0810,data/64PE503_SO289_2022.dbs,2022-10-25 16:34:00,19290.69027777778,True,35.0,,,0.0,0.0,0.0,False,25.0,True,2,,98.865,data/64PE503_SO289_2022/,2,False,25-10  22  (0)NUTSLAB06.dat,0.1011728114802129,,0.1001495661933763,2363.8613561609063,2372.510330309275,,6.0,1.581147226001805,634.7521337636537,628.5800883935422,,7.986094964785688,25.0,,True,False,25958,12.5,0.0,38.0,13.793114224133722,6.0,1.5345388935903852,19.32599545217636,200581.41405002607,25.0,1.0233430585162893,,0.0108838600549635,2133.3022411002544,,,2022-11-04 16:34:00
328,NUTSLAB01,27,10,22,0,200557,11,C_Oct27-22_0910,data/64PE503_SO289_2022.dbs,2022-10-27 10:25:00,19292.434027777777,True,35.0,,,0.0,0.0,0.0,False,25.0,True,2,,98.865,data/64PE503_SO289_2022/,2,False,27-10  22  (0)NUTSLAB01.dat,0.1011728114802129,,0.1001495661933763,2364.673418366754,2372.688443377798,,6.0,2.125918404600864,634.7988368480054,628.59916548056,,7.986039235369783,25.0,,True,False,26075,33.166666666666664,10.0,58.0,19.178257364931664,6.0,-1.2146806964406514,41.05699248991505,200105.37308261087,25.0,1.0233430585162893,,0.0108833993075368,2128.149168275258,,,2022-11-04 10:25:00
335,NUTSLAB02,27,10,22,0,200423,11,C_Oct27-22_0910,data/64PE503_SO289_2022.dbs,2022-10-27 12:41:00,19292.52847222222,True,35.0,,,0.0,0.0,0.0,False,25.0,True,2,,98.865,data/64PE503_SO289_2022/,2,False,27-10  22  (0)NUTSLAB02.dat,0.1011728114802129,,0.1001495661933763,2363.2933624957464,2370.8640542593007,,6.0,1.92014766757776,634.9316809918738,628.7066359478459,,7.988284766446121,25.0,,True,False,26208,21.166666666666668,7.0,57.0,16.77713390964685,6.0,-0.4038678693280806,36.47942520409856,200021.72632275493,25.0,1.0233430585162893,,0.0108833993075368,2127.259573060126,,,2022-11-04 12:41:00
342,NUTSLAB03,27,10,22,0,200499,11,C_Oct27-22_0910,data/64PE503_SO289_2022.dbs,2022-10-27 14:30:00,19292.604166666668,True,35.0,,,0.0,0.0,0.0,False,25.0,True,2,,98.865,data/64PE503_SO289_2022/,2,False,27-10  22  (0)NUTSLAB03.dat,0.1011728114802129,,0.1001495661933763,2363.4069800044745,2371.7969491544063,,6.0,1.3417216095807984,634.9543268657961,628.7648869713018,,7.987822385957341,25.0,,True,False,26341,32.166666666666664,6.0,56.0,18.97732565165305,6.0,0.2459747642016895,32.51937802879206,200141.2868416833,25.0,1.0233430585162893,,0.0108833993075368,2128.5311162225926,,,2022-11-04 14:30:00
348,NUTSLAB04,27,10,22,0,200345,11,C_Oct27-22_0910,data/64PE503_SO289_2022.dbs,2022-10-27 16:23:00,19292.682638888888,True,35.0,,,0.0,0.0,0.0,False,25.0,True,2,,98.865,data/64PE503_SO289_2022/,2,False,27-10  22  (0)NUTSLAB04.dat,0.1011728114802129,,0.1001495661933763,2362.7217745955018,2372.244163375512,,6.0,1.0943474298903408,634.9517350015193,628.8293023381452,,7.986933399343726,25.0,,True,False,26455,34.0,3.0,78.0,27.77288845859093,6.0,0.9196648337761576,28.14462287352785,200035.4091483912,25.0,1.0233430585162893,,0.0108833993075368,2127.4050918612897,,,2022-11-04 16:23:00
353,NUTSLAB05,27,10,22,0,200355,11,C_Oct27-22_0910,data/64PE503_SO289_2022.dbs,2022-10-27 18:19:00,19292.763194444444,True,35.0,,,0.0,0.0,0.0,False,25.0,True,2,,98.865,data/64PE503_SO289_2022/,2,False,27-10  22  (0)NUTSLAB05.dat,0.1011728114802129,,0.1001495661933763,2363.526387436308,2370.242699952792,,6.0,1.935280097128227,635.0365606469313,628.7623282189975,,7.989212424732756,25.0,,True,False,26550,9.333333333333334,0.0,26.0,10.176225014982498,6.0,1.6112404804466134,23.372620230113625,200097.90117746877,25.0,1.0233430585162893,,0.0108833993075368,2128.069703498931,,,2022-11-04 18:19:00
359,NUTSLAB01,28,10,22,0,200866,11,C_Oct28-22_0910,data/64PE503_SO289_2022.dbs,2022-10-28 10:08:00,19293.422222222223,True,35.0,,,0.0,0.0,0.0,False,25.0,True,2,,98.865,data/64PE503_SO289_2022/,3,False,28-10  22  (0)NUTSLAB01.dat,0.1011728114802129,,0.1000643343622234,2362.803369078304,2371.2418234574684,,6.0,1.6788726190701966,634.6999168456584,628.5189209168292,,7.990283366281083,25.0,,True,False,26667,47.833333333333336,21.0,74.0,19.641933600222654,6.0,-1.1023553922910614,50.72113826817896,200308.06747905,25.0,1.0233430585162893,,0.0108722518840867,2128.122867422766,,,2022-11-04 10:08:00
365,NUTSLAB02,28,10,22,0,200591,11,C_Oct28-22_0910,data/64PE503_SO289_2022.dbs,2022-10-28 11:40:00,19293.48611111111,True,35.0,,,0.0,0.0,0.0,False,25.0,True,2,,98.865,data/64PE503_SO289_2022/,3,False,28-10  22  (0)NUTSLAB02.dat,0.1011728114802129,,0.1000643343622234,2364.357984258259,2372.469934240786,,6.0,1.1844766973499006,634.7260623644968,628.5240796847023,,7.989034967008476,25.0,,True,False,26781,34.5,4.0,70.0,22.314046398326475,6.0,-0.4949398863059457,41.07697787074344,200139.1532434218,25.0,1.0233430585162893,,0.0108722518840867,2126.328280454813,,,2022-11-04 11:40:00
371,NUTSLAB03,28,10,22,0,200473,11,C_Oct28-22_0910,data/64PE503_SO289_2022.dbs,2022-10-28 13:36:00,19293.566666666666,True,35.0,,,0.0,0.0,0.0,False,25.0,True,2,,98.865,data/64PE503_SO289_2022/,3,False,28-10  22  (0)NUTSLAB03.dat,0.1011728114802129,,0.1000643343622234,2363.940650390057,2371.7246060933776,,6.0,1.2237213651875636,634.8536939442868,628.6350274235404,,7.990347212470317,25.0,,True,False,26895,30.83333333333333,1.0,60.0,22.37123649292149,6.0,0.2709318386709078,38.88069342763841,200045.312372296,25.0,1.0233430585162893,,0.0108722518840867,2125.3312916352666,,,2022-11-04 13:36:00
377,NUTSLAB04,28,10,22,0,200321,11,C_Oct28-22_0910,data/64PE503_SO289_2022.dbs,2022-10-28 15:08:00,19293.630555555555,True,35.0,,,0.0,0.0,0.0,False,25.0,True,2,,98.865,data/64PE503_SO289_2022/,3,False,28-10  22  (0)NUTSLAB04.dat,0.1011728114802129,,0.1000643343622234,2364.722149714462,2371.5719029013867,,6.0,1.6624846785362872,635.0564780834757,628.7892838758502,,7.992084624237087,25.0,,True,False,27009,34.166666666666664,23.0,48.0,10.13930744950342,6.0,0.878347344690611,38.711499744507925,199895.1735028104,25.0,1.0233430585162893,,0.0108722518840867,2123.7361788399485,,,2022-11-04 15:08:00
385,NUTSLAB06,28,10,22,0,200472,11,C_Oct28-22_0910,data/64PE503_SO289_2022.dbs,2022-10-28 17:56:00,19293.74722222222,True,35.0,,,0.0,0.0,0.0,False,25.0,True,2,,98.865,data/64PE503_SO289_2022/,3,False,28-10  22  (0)NUTSLAB06.dat,0.1011728114802129,,0.1000643343622234,2365.21493347655,2373.718091528481,,6.0,2.046675061612643,635.0415617979818,628.8692124081442,,7.9926776618291315,25.0,,True,False,27168,46.0,0.0,80.0,26.102362600602525,6.0,1.987540877390663,38.92155675051315,200043.86287574435,25.0,1.0233430585162893,,0.0108722518840867,2125.3158918223853,,2128.122867422766,2022-11-04 17:56:00
393,NUTSLAB01,31,10,22,0,202079,11,C_Oct31-22_0910,data/64PE503_SO289_2022.dbs,2022-10-31 10:30:00,19296.479166666668,True,35.0,,,0.0,0.0,0.0,False,25.0,True,2,,98.865,data/64PE503_SO289_2022/,3,False,31-10  22  (0)NUTSLAB01.dat,0.1011728114802129,,0.1000643343622234,2362.186964899228,2369.7720929056795,,6.0,1.8720025106861584,635.5793669831841,629.3531448894138,,7.955283825270825,25.0,,True,False,27324,51.66666666666666,32.0,85.0,18.245242911205345,6.0,-1.011593422571609,61.08684460495972,201407.04470934544,25.0,1.0233430585162893,,0.0108793613275583,2141.19790531005,,,2022-11-04 10:30:00
399,NUTSLAB02,31,10,22,0,201948,11,C_Oct31-22_0910,data/64PE503_SO289_2022.dbs,2022-10-31 12:04:00,19296.544444444444,True,35.0,,,0.0,0.0,0.0,False,25.0,True,2,,98.865,data/64PE503_SO289_2022/,3,False,31-10  22  (0)NUTSLAB02.dat,0.1011728114802129,,0.1000643343622234,2362.1869648198167,2369.474622279376,,6.0,1.8720025106863143,635.6793669801489,629.4398628481326,,7.954438650185471,25.0,,True,False,27438,50.333333333333336,0.0,83.0,34.73550856912211,6.0,-0.3600146185142125,52.12235265015099,201374.65412084837,25.0,1.0233430585162893,,0.0108793613275583,2140.853554593113,,,2022-11-04 12:04:00
405,NUTSLAB03,31,10,22,0,201365,11,C_Oct31-22_0910,data/64PE503_SO289_2022.dbs,2022-10-31 13:37:00,19296.609027777777,True,35.0,,,0.0,0.0,0.0,False,25.0,True,2,,98.865,data/64PE503_SO289_2022/,3,False,31-10  22  (0)NUTSLAB03.dat,0.1011728114802129,,0.1000643343622234,2362.186964883957,2369.7720929056786,,6.0,1.8720025106862643,635.779366982535,629.5531448894138,,7.9569741753279475,25.0,,True,False,27552,37.0,6.0,69.0,22.978250586152114,6.0,0.284632496151839,44.63569520843298,200874.00735270724,25.0,1.0233430585162893,,0.0108793613275583,2135.5310803331345,,,2022-11-04 13:37:00
411,NUTSLAB04,31,10,22,0,200962,11,C_Oct31-22_0910,data/64PE503_SO289_2022.dbs,2022-10-31 15:06:00,19296.670833333334,True,35.0,,,0.0,0.0,0.0,False,25.0,True,2,,98.865,data/64PE503_SO289_2022/,3,False,31-10  22  (0)NUTSLAB04.dat,0.1011728114802129,,0.1000643343622234,2359.4490097428948,2368.657579406969,,6.0,1.309232115105896,635.8191080847117,629.6812129208554,,7.955110413973512,25.0,,True,False,27666,35.5,14.0,82.0,23.998263826090973,6.0,0.9015528532161968,37.48067495267525,200549.71257552056,25.0,1.0233430585162893,,0.0108793613275583,2132.083438774135,,,2022-11-04 15:06:00
417,NUTSLAB05,31,10,22,0,201171,11,C_Oct31-22_0910,data/64PE503_SO289_2022.dbs,2022-10-31 16:36:00,19296.733333333334,True,35.0,,,0.0,0.0,0.0,False,25.0,True,2,,98.865,data/64PE503_SO289_2022/,3,False,31-10  22  (0)NUTSLAB05.dat,0.1011728114802129,,0.1000643343622234,2360.2495759218878,2368.465109698609,,6.0,1.5971065525208263,636.0339293909376,629.8393096775117,,7.957051296001487,25.0,,True,False,27780,9.333333333333334,0.0,38.0,13.44949400122134,6.0,1.5254048996719,30.245338283639548,200838.30127887995,25.0,1.0233430585162893,,0.0108793613275583,2135.1514820395582,,,2022-11-04 16:36:00
423,NUTSLAB01,1,11,22,0,202251,11,C_Nov01-22_0811,data/64PE503_SO289_2022.dbs,2022-11-01 09:51:00,19297.410416666666,True,35.0,,,0.0,0.0,0.0,False,25.0,True,2,,98.865,data/64PE503_SO289_2022/,0,False,1-11  22  (0)NUTSLAB01.dat,0.1011728114802129,,0.1000349242380455,2360.42769900699,2368.2295687263354,,6.0,1.6573792194402404,636.3303212323075,630.1173831469249,,7.956990305489626,25.0,,True,False,27896,26.83333333333333,3.0,55.0,20.27656008520402,6.0,-1.157775485586804,35.05536123535782,201865.39102641103,25.0,1.0233430585162893,,0.0108453381874283,2139.3592459532333,,,2022-11-04 09:51:00
429,NUTSLAB02,1,11,22,0,201863,11,C_Nov01-22_0811,data/64PE503_SO289_2022.dbs,2022-11-01 11:24:00,19297.475,True,35.0,,,0.0,0.0,0.0,False,25.0,True,2,,98.865,data/64PE503_SO289_2022/,0,False,1-11  22  (0)NUTSLAB02.dat,0.1011728114802129,,0.1000349242380455,2361.1002737039125,2368.844906475344,,6.0,1.630218893039736,636.4011759741201,630.1781712915904,,7.957342823632056,25.0,,True,False,28010,18.5,2.0,58.0,18.88341423930888,6.0,-0.5684316423613955,29.972247399321077,201533.30527860747,25.0,1.0233430585162893,,0.0108453381874283,2135.839817925474,,,2022-11-04 11:24:00
435,NUTSLAB03,1,11,22,0,201804,11,C_Nov01-22_0811,data/64PE503_SO289_2022.dbs,2022-11-01 13:41:00,19297.57013888889,True,35.0,,,0.0,0.0,0.0,False,25.0,True,2,,98.865,data/64PE503_SO289_2022/,0,False,1-11  22  (0)NUTSLAB03.dat,0.1011728114802129,,0.1000349242380455,2363.314828859533,2371.672818242855,,6.0,1.246937019537753,636.4548780864689,630.2715853830023,,7.959095752358759,25.0,,True,False,28124,33.5,23.0,42.0,6.701989754294367,6.0,0.2997415460605622,24.610099545950607,201533.28890499452,25.0,1.0233430585162893,,0.0108453381874283,2135.839644398749,,,2022-11-04 13:41:00
441,NUTSLAB04,1,11,22,0,201462,11,C_Nov01-22_0811,data/64PE503_SO289_2022.dbs,2022-11-01 15:14:00,19297.63472222222,True,35.0,,,0.0,0.0,0.0,False,25.0,True,2,,98.865,data/64PE503_SO289_2022/,0,False,1-11  22  (0)NUTSLAB04.dat,0.1011728114802129,,0.1000349242380455,2360.343650603266,2368.216112136924,,6.0,2.12476102614929,636.5818880833273,630.3667832420005,,7.959552315859048,25.0,,True,False,28238,15.166666666666666,0.0,44.0,16.486526485453375,6.0,0.8890853892859707,20.97969362453094,201231.22337013017,25.0,1.0233430585162893,,0.0108453381874283,2132.6383690755742,,,2022-11-04 15:14:00
447,NUTSLAB05,1,11,22,0,201526,11,C_Nov01-22_0811,data/64PE503_SO289_2022.dbs,2022-11-01 16:46:00,19297.69861111111,True,35.0,,,0.0,0.0,0.0,False,25.0,True,2,,98.865,data/64PE503_SO289_2022/,0,False,1-11  22  (0)NUTSLAB05.dat,0.1011728114802129,,0.1000349242380455,2360.617186743421,2368.989892685272,,6.0,1.722678603567181,636.6666716151384,630.4790911010555,,7.959295104278655,25.0,,True,False,28352,13.5,0.0,31.0,13.756816492197604,6.0,1.4720922019515568,17.388339105823334,201334.72826983596,25.0,1.0233430585162893,,0.0108453381874283,2133.735308789019,,,2022-11-04 16:46:00
453,NUTSLAB01,2,11,22,0,202202,11,C_Nov02-22_0811,data/64PE503_SO289_2022.dbs,2022-11-02 09:58:00,19298.415277777774,True,35.0,,,0.0,0.0,0.0,False,25.0,True,2,,98.865,data/64PE503_SO289_2022/,0,False,2-11  22  (0)NUTSLAB01.dat,0.1011728114802129,,0.1000349242380455,2360.070975791044,2368.910888407125,,6.0,1.3048904195220044,636.4815392809755,630.3255623115485,,7.957010894776116,25.0,,True,False,28468,29.5,5.0,53.0,21.631381524689232,6.0,-1.2276381785665935,39.91643642253439,201762.9191993521,25.0,1.0233430585162893,,0.0108545095273238,2140.081481458728,,,2022-11-04 09:58:00
459,NUTSLAB02,2,11,22,0,201688,11,C_Nov02-22_0811,data/64PE503_SO289_2022.dbs,2022-11-02 11:42:00,19298.4875,True,35.0,,,0.0,0.0,0.0,False,25.0,True,2,,98.865,data/64PE503_SO289_2022/,0,False,2-11  22  (0)NUTSLAB02.dat,0.1011728114802129,,0.1000349242380455,2361.100273740132,2368.6948639289526,,6.0,1.6302188930395156,636.6511759755022,630.4270282483334,,7.960723523791607,25.0,,True,False,28582,25.166666666666668,10.0,44.0,10.41499986664533,6.0,-0.5106263148707536,35.911209927380696,201292.9766907988,25.0,1.0233430585162893,,0.0108545095273238,2135.096842735735,,,2022-11-04 11:42:00
465,NUTSLAB03,2,11,22,0,201603,11,C_Nov02-22_0811,data/64PE503_SO289_2022.dbs,2022-11-02 13:12:00,19298.55,True,35.0,,,0.0,0.0,0.0,False,25.0,True,2,,98.865,data/64PE503_SO289_2022/,0,False,2-11  22  (0)NUTSLAB03.dat,0.1011728114802129,,0.1000349242380455,2360.3039406831163,2368.589689012425,,6.0,1.3449679163792547,636.8864236941171,630.6945565421678,,7.959628983559121,25.0,,True,False,28696,22.83333333333333,8.0,49.0,13.532881765865277,6.0,0.1098647210289063,30.860481826613523,201263.5346999073,25.0,1.0233430585162893,,0.0108545095273238,2134.784554136153,,,2022-11-04 13:12:00
471,NUTSLAB04,2,11,22,0,201517,11,C_Nov02-22_0811,data/64PE503_SO289_2022.dbs,2022-11-02 14:48:00,19298.616666666665,True,35.0,,,0.0,0.0,0.0,False,25.0,True,2,,98.865,data/64PE503_SO289_2022/,0,False,2-11  22  (0)NUTSLAB04.dat,0.1011728114802129,,0.1000349242380455,2360.764181103552,2368.634058975329,,6.0,1.276804881761651,637.0459677198374,630.8298699373305,,7.959790311004386,25.0,,True,False,28810,17.833333333333332,0.0,54.0,18.37041703996461,6.0,0.7717218259789124,23.88869320358026,201254.2243747606,25.0,1.0233430585162893,,0.0108545095273238,2134.685800338816,,,2022-11-04 14:48:00
478,NUTSLAB05,2,11,22,0,201423,11,C_Nov02-22_0811,data/64PE503_SO289_2022.dbs,2022-11-02 16:33:00,19298.689583333333,True,35.0,,,0.0,0.0,0.0,False,25.0,True,2,,98.865,data/64PE503_SO289_2022/,0,False,2-11  22  (0)NUTSLAB05.dat,0.1011728114802129,,0.1000349242380455,2360.8224491297656,2367.529465457036,,6.0,1.9333034772940343,637.1661827956822,630.8917555488213,,7.959286841518643,25.0,,True,False,28943,8.166666666666666,0.0,30.0,11.977989072553967,6.0,1.4956280345405548,14.432699080030034,201264.24031011967,25.0,1.0233430585162893,,0.0108545095273238,2134.792038481417,,,2022-11-04 16:33:00
484,NUTSLAB01,3,11,22,0,201825,11,C_Nov03-22_0811,data/64PE503_SO289_2022.dbs,2022-11-03 10:01:00,19299.41736111111,True,35.0,,,0.0,0.0,0.0,False,25.0,True,2,,98.865,data/64PE503_SO289_2022/,0,False,3-11  22  (0)NUTSLAB01.dat,0.1011728114802129,,0.1000349242380455,2360.738000689533,2370.972036657133,,6.0,1.5522268314127334,637.8406536173537,631.7623101519134,,7.960545659103481,25.0,,True,False,29059,43.0,16.0,60.0,15.663120165960974,6.0,-1.1614596383802454,52.13431914039438,201251.52248945567,25.0,1.0233430585162893,,0.0108703889513815,2137.780002817375,,2137.780002817375,2022-11-04 10:01:00
490,NUTSLAB02,3,11,22,0,201636,11,C_Nov03-22_0811,data/64PE503_SO289_2022.dbs,2022-11-03 11:30:00,19299.479166666668,True,35.0,,,0.0,0.0,0.0,False,25.0,True,2,,98.865,data/64PE503_SO289_2022/,0,False,3-11  22  (0)NUTSLAB02.dat,0.1011728114802129,,0.1000349242380455,2361.222810977766,2369.196992036457,,6.0,1.9559271253514885,638.1637714638108,631.9605670561384,,7.961781606670856,25.0,,True,False,29173,44.833333333333336,11.0,92.0,30.748532033614584,6.0,-0.5068053773157223,45.90904827053464,201131.0004690241,25.0,1.0233430585162893,,0.0108703889513815,2136.4997662159785,,2137.780002817375,2022-11-04 11:30:00
496,NUTSLAB03,3,11,22,0,201468,11,C_Nov03-22_0811,data/64PE503_SO289_2022.dbs,2022-11-03 13:00:00,19299.541666666668,True,35.0,,,0.0,0.0,0.0,False,25.0,True,2,,98.865,data/64PE503_SO289_2022/,0,False,3-11  22  (0)NUTSLAB03.dat,0.1011728114802129,,0.1000349242380455,2360.350080230096,2370.2033072730896,,6.0,1.4544233775763535,638.3051106271562,632.2056036294601,,7.96079003317852,25.0,,True,False,29287,38.0,17.0,60.0,12.922847983320086,6.0,0.1552045495887376,38.71590911205158,201042.12499976743,25.0,1.0233430585162893,,0.0108703889513815,2135.555692856594,,2137.780002817375,2022-11-04 13:00:00
502,NUTSLAB04,3,11,22,0,201277,11,C_Nov03-22_0811,data/64PE503_SO289_2022.dbs,2022-11-03 14:38:00,19299.609722222223,True,35.0,,,0.0,0.0,0.0,False,25.0,True,2,,98.865,data/64PE503_SO289_2022/,0,False,3-11  22  (0)NUTSLAB04.dat,0.1011728114802129,,0.1000349242380455,2363.7454937214807,2372.4355391864933,,6.0,1.4841042461012492,638.3590686271401,632.1948223679333,,7.962547287302038,25.0,,True,False,29401,27.83333333333333,0.0,55.0,18.97732565165305,6.0,0.8760598033282933,29.876831269124978,200948.35485603963,25.0,1.0233430585162893,,0.0108703889513815,2134.559626165307,,2137.780002817375,2022-11-04 14:38:00
508,NUTSLAB05,3,11,22,0,201101,11,C_Nov03-22_0811,data/64PE503_SO289_2022.dbs,2022-11-03 16:08:00,19299.672222222223,True,35.0,,,0.0,0.0,0.0,False,25.0,True,2,,98.865,data/64PE503_SO289_2022/,0,False,3-11  22  (0)NUTSLAB05.dat,0.1011728114802129,,0.1000349242380455,2359.8681464878205,2369.43906810725,,6.0,1.491884400107454,638.3519060535301,632.2325011334593,,7.962426214734143,25.0,,True,False,29515,11.833333333333334,0.0,31.0,12.759528030282135,6.0,1.538069730232753,20.853314621775095,200871.6135391605,25.0,1.0233430585162893,,0.0108703889513815,2133.744446977667,,2137.780002817375,2022-11-04 16:08:00
