,bottle,station,cast,niskin,depth,counts,run_time,dic_cell_id,dbs_fname,analysis_datetime,analysis_datenum,salinity,alkalinity_certified,total_phosphate,total_silicate,total_ammonium,crm,temperature_override,analyte_volume,file_path,analysis_batch,reference_good,file_name,analyte_mass,file_good,titrant_molinity_here,titrant_molinity,alkalinity_gran,emf0_gran,alkalinity,alkalinity_std,alkalinity_npts,emf0,pH_initial,temperature_initial,alkalinity_offset
0,JUNK01,22,11,22,0,0,0,C_Nov21-22_0811,data/TA_ONLY/SO289_TA_only.dbs,2022-11-22 11:18:00,19318.470833333333,35.0,,0.0,0.0,0.0,False,25.0,98.865,data/TA_ONLY/SO289_TA_only/,0,False,22-11  22  (0)JUNK01.dat,0.10117281148021293,True,,0.10011590766482438,2431.4930982398473,628.7585338574495,2420.546471597954,1.9826601573746225,6.0,634.9245283391732,7.869839356809743,25.0,
1,JUNK02,22,11,22,0,0,0,C_Nov21-22_0811,data/TA_ONLY/SO289_TA_only.dbs,2022-11-22 11:40:00,19318.48611111111,35.0,,0.0,0.0,0.0,False,25.0,98.865,data/TA_ONLY/SO289_TA_only/,0,False,22-11  22  (0)JUNK02.dat,0.10117281148021293,True,,0.10011590766482438,2399.005080574542,629.0619720433864,2391.81781507957,1.780451905263611,6.0,635.2793711642864,7.876682617779718,25.0,
2,JUNK03,22,11,22,0,0,0,C_Nov21-22_0811,data/TA_ONLY/SO289_TA_only.dbs,2022-11-22 11:56:00,19318.49722222222,35.0,,0.0,0.0,0.0,False,25.0,98.865,data/TA_ONLY/SO289_TA_only/,0,False,22-11  22  (0)JUNK03.dat,0.10117281148021293,True,,0.10011590766482438,2397.3599567960596,629.1938290991965,2389.961989303625,1.4939625518607509,6.0,635.3969316093309,7.876979450774486,25.0,
3,JUNK04,22,11,22,0,0,0,C_Nov21-22_0811,data/TA_ONLY/SO289_TA_only.dbs,2022-11-22 12:35:00,19318.524305555555,35.0,,0.0,0.0,0.0,False,25.0,98.865,data/TA_ONLY/SO289_TA_only/,0,False,22-11  22  (0)JUNK04.dat,0.10117281148021293,True,,0.10011590766482438,2396.294326351191,629.4371439255502,2389.4355043353758,1.4458271747629357,6.0,635.6831437328378,7.881817437599079,25.0,
4,JUNK05,22,11,22,0,0,0,C_Nov21-22_0811,data/TA_ONLY/SO289_TA_only.dbs,2022-11-22 12:50:00,19318.534722222223,35.0,,0.0,0.0,0.0,False,25.0,98.865,data/TA_ONLY/SO289_TA_only/,0,False,22-11  22  (0)JUNK05.dat,0.10117281148021293,True,,0.10011590766482438,2398.696807150693,629.36931338566,2391.1518530254743,1.783557013088691,6.0,635.5736018875222,7.876585096806004,25.0,
5,JUNK06,22,11,22,0,0,0,C_Nov21-22_0811,data/TA_ONLY/SO289_TA_only.dbs,2022-11-22 13:04:00,19318.544444444444,35.0,,0.0,0.0,0.0,False,25.0,98.865,data/TA_ONLY/SO289_TA_only/,0,False,22-11  22  (0)JUNK06.dat,0.10117281148021293,True,,0.10011590766482438,2397.262858653911,629.4724968872346,2390.223917119537,1.4053742746853632,6.0,635.7059704428177,7.877977413736532,25.0,
6,CRM-198-0675-02,666,0,0,0,0,0,C_Nov21-22_0811,data/TA_ONLY/SO289_TA_only.dbs,2022-11-22 13:20:00,19318.555555555555,33.504,2200.67,0.67,3.8,0.0,True,25.0,98.865,data/TA_ONLY/SO289_TA_only/,0,True,666-0  0  (0)CRM-198-0675-02.dat,0.10106107928593495,True,0.10006760405970648,0.10011590766482438,2210.184644058788,630.1124519483944,2201.7315791718697,0.7905294273428832,6.0,636.2339032355277,7.924089027555665,25.0,1.0615791718696528
7,NUTSLAB01,22,11,22,0,0,0,C_Nov21-22_0811,data/TA_ONLY/SO289_TA_only.dbs,2022-11-22 13:34:00,19318.56527777778,35.0,,0.0,0.0,0.0,False,25.0,98.865,data/TA_ONLY/SO289_TA_only/,0,False,22-11  22  (0)NUTSLAB01.dat,0.10117281148021293,True,,0.10011590766482438,2370.5450886695,630.1921222970008,2363.5183434030614,2.092017620457966,6.0,636.4470628097536,7.948821546414917,25.0,
8,ST23,444,0,0,0,0,0,C_Nov21-22_0811,data/TA_ONLY/SO289_TA_only.dbs,2022-11-22 13:49:00,19318.575694444444,35.0,,0.0,0.0,0.0,False,25.0,98.865,data/TA_ONLY/SO289_TA_only/,0,False,444-0  0  (0)ST23.dat,0.10117281148021293,True,,0.10011590766482438,2287.1813231470537,629.7221822821898,2271.9302936784325,2.057366660986124,6.0,635.7153393678142,7.901800682319907,25.0,
9,ST22,444,0,0,0,0,0,C_Nov21-22_0811,data/TA_ONLY/SO289_TA_only.dbs,2022-11-22 14:03:00,19318.585416666665,35.0,,0.0,0.0,0.0,False,25.0,98.865,data/TA_ONLY/SO289_TA_only/,0,False,444-0  0  (0)ST22.dat,0.10117281148021293,True,,0.10011590766482438,2288.637665151642,629.82615231987,2272.866730578237,2.1585981480140415,6.0,635.7935722375934,7.909039316925821,25.0,
10,ST44,444,0,0,0,0,0,C_Nov21-22_0811,data/TA_ONLY/SO289_TA_only.dbs,2022-11-22 15:12:00,19318.633333333335,35.0,,0.0,0.0,0.0,False,25.0,98.865,data/TA_ONLY/SO289_TA_only/,0,False,444-0  0  (0)ST44.dat,0.10117281148021293,True,,0.10011590766482438,2295.3430024416466,629.9044121025811,2279.6093797932162,2.5255478861045155,6.0,635.879304590702,7.934998569802333,25.0,
11,ST37,444,0,0,0,0,0,C_Nov21-22_0811,data/TA_ONLY/SO289_TA_only.dbs,2022-11-22 15:26:00,19318.643055555556,35.0,,0.0,0.0,0.0,False,25.0,98.865,data/TA_ONLY/SO289_TA_only/,0,False,444-0  0  (0)ST37.dat,0.10117281148021293,True,,0.10011590766482438,2288.2661288510976,629.940146976993,2272.1680149187523,2.367483209236338,6.0,635.891165553306,7.9284376613194105,25.0,
12,SO289-41142,0,0,0,0,0,0,C_Nov21-22_0811,data/TA_ONLY/SO289_TA_only.dbs,2022-11-22 15:40:00,19318.652777777777,35.0,,0.0,0.0,0.0,False,25.0,98.865,data/TA_ONLY/SO289_TA_only/,0,False,0-0  0  (0)SO289-41142.dat,0.10117281148021293,True,,0.10011590766482438,2308.167651783012,630.6318172102096,2293.4012607694767,2.8442138308272975,7.0,636.6613868727648,8.098659654250103,25.0,
13,SO289-41169,0,0,0,0,0,0,C_Nov21-22_0811,data/TA_ONLY/SO289_TA_only.dbs,2022-11-22 15:55:00,19318.663194444445,35.0,,0.0,0.0,0.0,False,25.0,98.865,data/TA_ONLY/SO289_TA_only/,0,False,0-0  0  (0)SO289-41169.dat,0.10117281148021293,True,,0.10011590766482438,2298.9441010256664,630.6180884741531,2283.6741349420413,2.7195043963802976,6.0,636.6001935706149,8.016488469957029,25.0,
14,SO289-03042022-21-00,0,0,0,0,0,0,C_Nov21-22_0811,data/TA_ONLY/SO289_TA_only.dbs,2022-11-22 16:10:00,19318.67361111111,35.0,,0.0,0.0,0.0,False,25.0,98.865,data/TA_ONLY/SO289_TA_only/,0,False,0-0  0  (0)SO289-03042022-21-00.dat,0.10117281148021293,True,,0.10011590766482438,2321.294662897852,630.706560342956,2306.1720079763713,3.3944835383699132,7.0,636.7221899761453,8.111519890026155,25.0,
15,SO289-40388,0,0,0,0,0,0,C_Nov21-22_0811,data/TA_ONLY/SO289_TA_only.dbs,2022-11-22 16:25:00,19318.684027777777,35.0,,0.0,0.0,0.0,False,25.0,98.865,data/TA_ONLY/SO289_TA_only/,0,False,0-0  0  (0)SO289-40388.dat,0.10117281148021293,True,,0.10011590766482438,2385.547371393326,630.4747277853835,2380.0045188572385,1.7326859689754195,6.0,636.8054449376282,7.9675570844681864,25.0,
16,SO289-41180,0,0,0,0,0,0,C_Nov21-22_0811,data/TA_ONLY/SO289_TA_only.dbs,2022-11-22 16:39:00,19318.69375,35.0,,0.0,0.0,0.0,False,25.0,98.865,data/TA_ONLY/SO289_TA_only/,0,False,0-0  0  (0)SO289-41180.dat,0.10117281148021293,True,,0.10011590766482438,2345.9496628070783,630.7676591210762,2329.7138704121317,4.636672394675811,7.0,636.7293547831923,8.048252872793428,25.0,
17,SO289-25032022-05-25,0,0,0,0,0,0,C_Nov21-22_0811,data/TA_ONLY/SO289_TA_only.dbs,2022-11-22 16:54:00,19318.704166666666,35.0,,0.0,0.0,0.0,False,25.0,98.865,data/TA_ONLY/SO289_TA_only/,0,False,0-0  0  (0)SO289-25032022-05-25.dat,0.10117281148021293,True,,0.10011590766482438,2294.890203673965,630.6262820663184,2280.9775636312047,2.667096774768244,6.0,636.6795485332946,8.10065699995933,25.0,
18,NUTSLAB02,22,11,22,0,0,0,C_Nov21-22_0811,data/TA_ONLY/SO289_TA_only.dbs,2022-11-22 17:09:00,19318.714583333334,35.0,,0.0,0.0,0.0,False,25.0,98.865,data/TA_ONLY/SO289_TA_only/,0,False,22-11  22  (0)NUTSLAB02.dat,0.10117281148021293,True,,0.10011590766482438,2371.654083152934,630.5527575682188,2364.3806302702806,1.724870123020323,6.0,636.7970475849734,7.950511639130928,25.0,
19,SO289-18032022-07-45,0,0,0,0,0,0,C_Nov21-22_0811,data/TA_ONLY/SO289_TA_only.dbs,2022-11-22 17:24:00,19318.725,35.0,,0.0,0.0,0.0,False,25.0,98.865,data/TA_ONLY/SO289_TA_only/,0,False,0-0  0  (0)SO289-18032022-07-45.dat,0.10117281148021293,True,,0.10011590766482438,2324.2357286526235,630.6847358670161,2310.1327964980683,3.722183329956114,7.0,636.755600160582,8.06813553733109,25.0,
20,SO289-41205,0,0,0,0,0,0,C_Nov21-22_0811,data/TA_ONLY/SO289_TA_only.dbs,2022-11-22 17:38:00,19318.734722222223,35.0,,0.0,0.0,0.0,False,25.0,98.865,data/TA_ONLY/SO289_TA_only/,0,False,0-0  0  (0)SO289-41205.dat,0.10117281148021293,True,,0.10011590766482438,2311.9782449020713,630.6016805766736,2297.7284795660726,3.171015316202662,7.0,636.6498264401818,7.976759037567292,25.0,
21,SO289-02032022-02-09,0,0,0,0,0,0,C_Nov21-22_0811,data/TA_ONLY/SO289_TA_only.dbs,2022-11-22 17:52:00,19318.744444444445,35.0,,0.0,0.0,0.0,False,25.0,98.865,data/TA_ONLY/SO289_TA_only/,0,False,0-0  0  (0)SO289-02032022-02-09.dat,0.10117281148021293,True,,0.10011590766482438,2309.5893603427403,630.5034311984513,2295.6397782440936,2.854937510078964,7.0,636.5676817669616,8.059888008432283,25.0,
22,SO289-23032022-23-50,0,0,0,0,0,0,C_Nov21-22_0811,data/TA_ONLY/SO289_TA_only.dbs,2022-11-22 18:07:00,19318.754861111112,35.0,,0.0,0.0,0.0,False,25.0,98.865,data/TA_ONLY/SO289_TA_only/,0,False,0-0  0  (0)SO289-23032022-23-50.dat,0.10117281148021293,True,,0.10011590766482438,2315.4398091422245,630.6257112128109,2301.373551370879,3.0823484378028287,7.0,636.6958569468385,8.093326093932353,25.0,
23,SO289-41160,0,0,0,0,0,0,C_Nov21-22_0811,data/TA_ONLY/SO289_TA_only.dbs,2022-11-22 18:22:00,19318.765277777777,35.0,,0.0,0.0,0.0,False,25.0,98.865,data/TA_ONLY/SO289_TA_only/,0,False,0-0  0  (0)SO289-41160.dat,0.10117281148021293,True,,0.10011590766482438,2362.5324724626917,630.3773916412664,2356.6371141744794,0.8667091508627848,6.0,636.7149181474457,8.001524216238668,25.0,
24,SO289-41199,0,0,0,0,0,0,C_Nov21-22_0811,data/TA_ONLY/SO289_TA_only.dbs,2022-11-22 18:36:00,19318.775,35.0,,0.0,0.0,0.0,False,25.0,98.865,data/TA_ONLY/SO289_TA_only/,0,False,0-0  0  (0)SO289-41199.dat,0.10117281148021293,True,,0.10011590766482438,2386.205907011146,630.4775623268438,2378.4872471112785,1.3549420561496435,6.0,636.6843906251185,7.9815691684611405,25.0,
25,SO289-01042022-23-00,0,0,0,0,0,0,C_Nov21-22_0811,data/TA_ONLY/SO289_TA_only.dbs,2022-11-22 18:51:00,19318.785416666666,35.0,,0.0,0.0,0.0,False,25.0,98.865,data/TA_ONLY/SO289_TA_only/,0,False,0-0  0  (0)SO289-01042022-23-00.dat,0.10117281148021293,True,,0.10011590766482438,2306.018524566093,630.6046171499344,2291.269303206848,2.440562580745374,7.0,636.6246785967295,8.100574680983286,25.0,
26,SO289-41288,0,0,0,0,0,0,C_Nov21-22_0811,data/TA_ONLY/SO289_TA_only.dbs,2022-11-22 19:06:00,19318.795833333334,35.0,,0.0,0.0,0.0,False,25.0,98.865,data/TA_ONLY/SO289_TA_only/,0,False,0-0  0  (0)SO289-41288.dat,0.10117281148021293,True,,0.10011590766482438,2313.5417597136043,630.4514882587392,2299.8820401974144,2.9940596259092973,7.0,636.5376153799343,8.09149643253248,25.0,
27,SO289-41217,0,0,0,0,0,0,C_Nov21-22_0811,data/TA_ONLY/SO289_TA_only.dbs,2022-11-22 19:20:00,19318.805555555555,35.0,,0.0,0.0,0.0,False,25.0,98.865,data/TA_ONLY/SO289_TA_only/,0,False,0-0  0  (0)SO289-41217.dat,0.10117281148021293,True,,0.10011590766482438,2317.7632432196547,630.3558646682139,2303.2265892388205,3.120133889450001,7.0,636.3920318821398,7.97155623204584,25.0,
28,SO289-28022022-16-20,0,0,0,0,0,0,C_Nov21-22_0811,data/TA_ONLY/SO289_TA_only.dbs,2022-11-22 19:35:00,19318.815972222223,35.0,,0.0,0.0,0.0,False,25.0,98.865,data/TA_ONLY/SO289_TA_only/,0,False,0-0  0  (0)SO289-28022022-16-20.dat,0.10117281148021293,True,,0.10011590766482438,2296.538912081828,630.4494352830102,2282.2420275745058,2.3668849712470603,6.0,636.4844272315559,8.049183789961843,25.0,
29,NUTSLAB03,22,11,22,0,0,0,C_Nov21-22_0811,data/TA_ONLY/SO289_TA_only.dbs,2022-11-22 19:50:00,19318.82638888889,35.0,,0.0,0.0,0.0,False,25.0,98.865,data/TA_ONLY/SO289_TA_only/,0,False,22-11  22  (0)NUTSLAB03.dat,0.10117281148021293,True,,0.10011590766482438,2372.2227345081233,630.2948744455315,2364.020441622168,1.679629996609859,6.0,636.4865908017933,7.951180057923371,25.0,
30,CRM-198-1232-02,666,0,0,0,0,0,C_Nov21-22_0811,data/TA_ONLY/SO289_TA_only.dbs,2022-11-22 20:04:00,19318.83611111111,33.504,2200.67,0.67,3.8,0.0,True,25.0,98.865,data/TA_ONLY/SO289_TA_only/,0,True,666-0  0  (0)CRM-198-1232-02.dat,0.10106107928593495,True,0.10018968070610927,0.10011590766482438,2209.490959349687,630.2393170533444,2199.0506586183164,0.7007509987905414,6.0,636.2583490418461,7.925347422293461,25.0,-1.6193413816836255
31,JUNK01,23,11,22,0,0,0,C_Nov21-22_0811,data/TA_ONLY/SO289_TA_only.dbs,2022-11-23 08:20:00,19319.347222222223,35.0,,0.0,0.0,0.0,False,25.0,98.865,data/TA_ONLY/SO289_TA_only/,0,False,23-11  22  (0)JUNK01.dat,0.10117281148021293,True,,0.10011590766482438,2394.433363031744,628.464906319169,2388.504846389785,1.113861618824667,6.0,634.7655528610269,7.894197715796149,25.0,
32,JUNK02,23,11,22,0,0,0,C_Nov21-22_0811,data/TA_ONLY/SO289_TA_only.dbs,2022-11-23 08:34:00,19319.356944444444,35.0,,0.0,0.0,0.0,False,25.0,98.865,data/TA_ONLY/SO289_TA_only/,0,False,23-11  22  (0)JUNK02.dat,0.10117281148021293,True,,0.10011590766482438,2396.7037140528455,628.7789896718376,2389.2977321918447,1.357514779421049,6.0,634.984130696537,7.8962020963194375,25.0,
33,JUNK03,23,11,22,0,0,0,C_Nov21-22_0811,data/TA_ONLY/SO289_TA_only.dbs,2022-11-23 08:49:00,19319.36736111111,35.0,,0.0,0.0,0.0,False,25.0,98.865,data/TA_ONLY/SO289_TA_only/,0,False,23-11  22  (0)JUNK03.dat,0.10117281148021293,True,,0.10011590766482438,2397.5635501024576,628.9869494348651,2390.485343846814,1.3190943998875446,6.0,635.2149972006845,7.897569023327359,25.0,
34,CRM-198-0366-02,666,0,0,0,0,0,C_Nov21-22_0811,data/TA_ONLY/SO289_TA_only.dbs,2022-11-23 09:05:00,19319.378472222223,33.504,2200.67,0.67,3.8,0.0,True,25.0,98.865,data/TA_ONLY/SO289_TA_only/,0,True,666-0  0  (0)CRM-198-0366-02.dat,0.10106107928593495,True,0.10004739210128591,0.10011590766482438,2211.1416351952835,629.7463437990434,2202.176086178782,0.9116996711924484,6.0,635.8381500124101,7.928386688121824,25.0,1.5060861787819704
35,NUTSLAB01,23,11,22,0,0,0,C_Nov21-22_0811,data/TA_ONLY/SO289_TA_only.dbs,2022-11-23 09:28:00,19319.394444444446,35.0,,0.0,0.0,0.0,False,25.0,98.865,data/TA_ONLY/SO289_TA_only/,0,False,23-11  22  (0)NUTSLAB01.dat,0.10117281148021293,True,,0.10011590766482438,2371.752007232059,629.9904708153213,2363.5697539546168,1.547413594071253,6.0,636.1889129439188,7.950374135220322,25.0,
36,SO289-01032022-17-20,0,0,0,0,0,0,C_Nov21-22_0811,data/TA_ONLY/SO289_TA_only.dbs,2022-11-23 09:43:00,19319.40486111111,35.0,,0.0,0.0,0.0,False,25.0,98.865,data/TA_ONLY/SO289_TA_only/,0,False,0-0  0  (0)SO289-01032022-17-20.dat,0.10117281148021293,True,,0.10011590766482438,2311.746303350826,630.1593271547935,2297.0286321420385,3.11090809162173,7.0,636.1920048210432,8.0493118777509,25.0,
37,SO289-17032022-19-30,0,0,0,0,0,0,C_Nov21-22_0811,data/TA_ONLY/SO289_TA_only.dbs,2022-11-23 09:57:00,19319.414583333335,35.0,,0.0,0.0,0.0,False,25.0,98.865,data/TA_ONLY/SO289_TA_only/,0,False,0-0  0  (0)SO289-17032022-19-30.dat,0.10117281148021293,True,,0.10011590766482438,2321.46780681,630.1912091901472,2306.0283513608724,3.38672963859258,7.0,636.1906334326293,8.066192197166853,25.0,
38,SO289-41282,0,0,0,0,0,0,C_Nov21-22_0811,data/TA_ONLY/SO289_TA_only.dbs,2022-11-23 10:12:00,19319.425,35.0,,0.0,0.0,0.0,False,25.0,98.865,data/TA_ONLY/SO289_TA_only/,0,False,0-0  0  (0)SO289-41282.dat,0.10117281148021293,True,,0.10011590766482438,2322.5729405002244,630.346237264841,2307.3175759693668,3.4085874177575635,7.0,636.3532192288939,8.057108015808065,25.0,
39,SO289-40977,0,0,0,0,0,0,C_Nov21-22_0811,data/TA_ONLY/SO289_TA_only.dbs,2022-11-23 10:27:00,19319.435416666667,35.0,,0.0,0.0,0.0,False,25.0,98.865,data/TA_ONLY/SO289_TA_only/,0,False,0-0  0  (0)SO289-40977.dat,0.10117281148021293,True,,0.10011590766482438,2374.6461780389523,630.2648779402728,2366.872575504536,1.101078028952367,6.0,636.4787808117734,8.069372546518334,25.0,
40,SO289-01042022-13-30,0,0,0,0,0,0,C_Nov21-22_0811,data/TA_ONLY/SO289_TA_only.dbs,2022-11-23 10:42:00,19319.445833333335,35.0,,0.0,0.0,0.0,False,25.0,98.865,data/TA_ONLY/SO289_TA_only/,0,False,0-0  0  (0)SO289-01042022-13-30.dat,0.10117281148021293,True,,0.10011590766482438,2302.7647022601454,630.3355706451788,2289.4601527652353,2.588284426063197,7.0,636.4292952509082,8.100652718600339,25.0,
41,SO289-01032022-00-58,0,0,0,0,0,0,C_Nov21-22_0811,data/TA_ONLY/SO289_TA_only.dbs,2022-11-23 10:57:00,19319.45625,35.0,,0.0,0.0,0.0,False,25.0,98.865,data/TA_ONLY/SO289_TA_only/,0,False,0-0  0  (0)SO289-01032022-00-58.dat,0.10117281148021293,True,,0.10011590766482438,2294.4024765367208,630.3635229473696,2279.016554595046,2.232442871220209,6.0,636.3360424563829,8.047520742847713,25.0,
42,SO289-41280,0,0,0,0,0,0,C_Nov21-22_0811,data/TA_ONLY/SO289_TA_only.dbs,2022-11-23 11:11:00,19319.46597222222,35.0,,0.0,0.0,0.0,False,25.0,98.865,data/TA_ONLY/SO289_TA_only/,0,False,0-0  0  (0)SO289-41280.dat,0.10117281148021293,True,,0.10011590766482438,2297.6025422429398,630.4006797363154,2282.24222042061,2.30330080952093,6.0,636.3701145327033,8.025276954293727,25.0,
43,SO289-24032022-00-00,0,0,0,0,0,0,C_Nov21-22_0811,data/TA_ONLY/SO289_TA_only.dbs,2022-11-23 11:26:00,19319.47638888889,35.0,,0.0,0.0,0.0,False,25.0,98.865,data/TA_ONLY/SO289_TA_only/,0,False,0-0  0  (0)SO289-24032022-00-00.dat,0.10117281148021293,True,,0.10011590766482438,2309.826524307752,630.4792797373432,2295.4000700469405,2.7027032866849376,7.0,636.5195702326024,8.086965531202033,25.0,
44,SO289-41266,0,0,0,0,0,0,C_Nov21-22_0811,data/TA_ONLY/SO289_TA_only.dbs,2022-11-23 11:41:00,19319.486805555556,35.0,,0.0,0.0,0.0,False,25.0,98.865,data/TA_ONLY/SO289_TA_only/,0,False,0-0  0  (0)SO289-41266.dat,0.10117281148021293,True,,0.10011590766482438,2408.2556971071745,630.3539908615637,2401.5567641416787,1.9476259114221526,6.0,636.5919832926994,8.000291361871799,25.0,
45,SO289-41240,0,0,0,0,0,0,C_Nov21-22_0811,data/TA_ONLY/SO289_TA_only.dbs,2022-11-23 11:55:00,19319.496527777777,35.0,,0.0,0.0,0.0,False,25.0,98.865,data/TA_ONLY/SO289_TA_only/,0,False,0-0  0  (0)SO289-41240.dat,0.10117281148021293,True,,0.10011590766482438,2303.543138429685,630.4764160411119,2288.5454341757636,2.305540434424523,6.0,636.458771486883,8.097770270039025,25.0,
46,NUTSLAB02,23,11,22,0,0,0,C_Nov21-22_0811,data/TA_ONLY/SO289_TA_only.dbs,2022-11-23 12:10:00,19319.506944444445,35.0,,0.0,0.0,0.0,False,25.0,98.865,data/TA_ONLY/SO289_TA_only/,0,False,23-11  22  (0)NUTSLAB02.dat,0.10117281148021293,True,,0.10011590766482438,2371.797292677222,630.3591633752073,2363.319920468999,1.5216051210440973,6.0,636.5405477923509,7.952937294984051,25.0,
47,SO289-41011,0,0,0,0,0,0,C_Nov21-22_0811,data/TA_ONLY/SO289_TA_only.dbs,2022-11-23 12:25:00,19319.51736111111,35.0,,0.0,0.0,0.0,False,25.0,98.865,data/TA_ONLY/SO289_TA_only/,0,False,0-0  0  (0)SO289-41011.dat,0.10117281148021293,True,,0.10011590766482438,2346.8166753311484,630.3651766665067,2330.524759917367,4.468731186768425,7.0,636.3214167767055,7.965291539358765,25.0,
48,SO289-41216,0,0,0,0,0,0,C_Nov21-22_0811,data/TA_ONLY/SO289_TA_only.dbs,2022-11-23 12:40:00,19319.527777777777,35.0,,0.0,0.0,0.0,False,25.0,98.865,data/TA_ONLY/SO289_TA_only/,0,False,0-0  0  (0)SO289-41216.dat,0.10117281148021293,True,,0.10011590766482438,2332.9632534297784,630.4421611699842,2317.2340829295044,4.147718405252312,7.0,636.430827938483,8.097297926249617,25.0,
49,SO289-41022,0,0,0,0,0,0,C_Nov21-22_0811,data/TA_ONLY/SO289_TA_only.dbs,2022-11-23 12:55:00,19319.538194444445,35.0,,0.0,0.0,0.0,False,25.0,98.865,data/TA_ONLY/SO289_TA_only/,0,False,0-0  0  (0)SO289-41022.dat,0.10117281148021293,True,,0.10011590766482438,2306.809044947449,630.5072370834208,2292.890049643118,3.259883502793086,7.0,636.5797385526974,8.106576437190764,25.0,
50,SO289-41159,0,0,0,0,0,0,C_Nov21-22_0811,data/TA_ONLY/SO289_TA_only.dbs,2022-11-23 13:10:00,19319.54861111111,35.0,,0.0,0.0,0.0,False,25.0,98.865,data/TA_ONLY/SO289_TA_only/,0,False,0-0  0  (0)SO289-41159.dat,0.10117281148021293,True,,0.10011590766482438,1634.567199329463,640.0054427313062,1626.0704935266665,1.264299720842617,6.0,646.3527762955009,8.198244759369008,25.0,
51,SO289-30359,0,0,0,0,0,0,C_Nov21-22_0811,data/TA_ONLY/SO289_TA_only.dbs,2022-11-23 13:26:00,19319.55972222222,35.0,,0.0,0.0,0.0,False,25.0,98.865,data/TA_ONLY/SO289_TA_only/,0,False,0-0  0  (0)SO289-30359.dat,0.10117281148021293,True,,0.10011590766482438,2397.0697539534344,630.2521111461296,2390.4853438444356,1.3190943998876086,6.0,636.5149972007437,8.04293912918445,25.0,
52,SO289-41146,0,0,0,0,0,0,C_Nov21-22_0811,data/TA_ONLY/SO289_TA_only.dbs,2022-11-23 13:41:00,19319.57013888889,35.0,,0.0,0.0,0.0,False,25.0,98.865,data/TA_ONLY/SO289_TA_only/,0,False,0-0  0  (0)SO289-41146.dat,0.10117281148021293,True,,0.10011590766482438,2372.2794930003865,630.2863056769042,2364.614708392723,1.4537321679961277,6.0,636.5135065210139,8.044604281546718,25.0,
53,SO289-40382,0,0,0,0,0,0,C_Nov21-22_0811,data/TA_ONLY/SO289_TA_only.dbs,2022-11-23 13:56:00,19319.580555555556,35.0,,0.0,0.0,0.0,False,25.0,98.865,data/TA_ONLY/SO289_TA_only/,0,False,0-0  0  (0)SO289-40382.dat,0.10117281148021293,True,,0.10011590766482438,2398.9283783617107,630.2082682092133,2392.000244396132,1.521998311019004,6.0,636.4442744430353,7.970748964141418,25.0,
54,SO289-41157,0,0,0,0,0,0,C_Nov21-22_0811,data/TA_ONLY/SO289_TA_only.dbs,2022-11-23 14:10:00,19319.590277777777,35.0,,0.0,0.0,0.0,False,25.0,98.865,data/TA_ONLY/SO289_TA_only/,0,False,0-0  0  (0)SO289-41157.dat,0.10117281148021293,True,,0.10011590766482438,2399.0093779135464,630.2344018029012,2391.916097484158,1.4320690236102875,6.0,636.4571020437269,8.07069644951599,25.0,
55,SO289-03032022-13-00,0,0,0,0,0,0,C_Nov21-22_0811,data/TA_ONLY/SO289_TA_only.dbs,2022-11-23 14:25:00,19319.600694444445,35.0,,0.0,0.0,0.0,False,25.0,98.865,data/TA_ONLY/SO289_TA_only/,0,False,0-0  0  (0)SO289-03032022-13-00.dat,0.10117281148021293,True,,0.10011590766482438,2311.891306544169,630.3427435200963,2296.73586437734,3.2138246922182887,7.0,636.3663799630735,8.051414253048904,25.0,
56,SO289-41119,0,0,0,0,0,0,C_Nov21-22_0811,data/TA_ONLY/SO289_TA_only.dbs,2022-11-23 14:40:00,19319.61111111111,35.0,,0.0,0.0,0.0,False,25.0,98.865,data/TA_ONLY/SO289_TA_only/,0,False,0-0  0  (0)SO289-41119.dat,0.10117281148021293,True,,0.10011590766482438,2292.3101274798023,630.2573751046831,2276.7236425021983,2.2559742699420795,6.0,636.2366178915643,7.982451992095073,25.0,
57,NUTSLAB03,23,11,22,0,0,0,C_Nov21-22_0811,data/TA_ONLY/SO289_TA_only.dbs,2022-11-23 14:55:00,19319.621527777777,35.0,,0.0,0.0,0.0,False,25.0,98.865,data/TA_ONLY/SO289_TA_only/,0,False,23-11  22  (0)NUTSLAB03.dat,0.10117281148021293,True,,0.10011590766482438,2371.580673415147,630.1661415299482,2363.712372006072,1.774866371641511,6.0,636.3763222245991,7.953542008123917,25.0,
58,SO289-04032022-07-00,0,0,0,0,0,0,C_Nov21-22_0811,data/TA_ONLY/SO289_TA_only.dbs,2022-11-23 15:09:00,19319.63125,35.0,,0.0,0.0,0.0,False,25.0,98.865,data/TA_ONLY/SO289_TA_only/,0,False,0-0  0  (0)SO289-04032022-07-00.dat,0.10117281148021293,True,,0.10011590766482438,2326.941133797441,630.2653073639607,2311.4494654091986,3.598799067419303,7.0,636.2594571250704,8.053832757954144,25.0,
59,SO289-29032022-13-20,0,0,0,0,0,0,C_Nov21-22_0811,data/TA_ONLY/SO289_TA_only.dbs,2022-11-23 15:24:00,19319.641666666666,35.0,,0.0,0.0,0.0,False,25.0,98.865,data/TA_ONLY/SO289_TA_only/,0,False,0-0  0  (0)SO289-29032022-13-20.dat,0.10117281148021293,True,,0.10011590766482438,2307.566147570146,630.1363961637769,2292.5457476092242,2.828340656628554,7.0,636.1539853099592,8.092618316689851,25.0,
60,SO289-41010,0,0,0,0,0,0,C_Nov21-22_0811,data/TA_ONLY/SO289_TA_only.dbs,2022-11-23 15:40:00,19319.652777777777,35.0,,0.0,0.0,0.0,False,25.0,98.865,data/TA_ONLY/SO289_TA_only/,0,False,0-0  0  (0)SO289-41010.dat,0.10117281148021293,True,,0.10011590766482438,2363.2072494342688,630.0068925610856,2357.0074083908926,0.9368582168703719,6.0,636.3255759205848,7.972123243722537,25.0,
61,SO289-05032022-17-05,0,0,0,0,0,0,C_Nov21-22_0811,data/TA_ONLY/SO289_TA_only.dbs,2022-11-23 15:54:00,19319.6625,35.0,,0.0,0.0,0.0,False,25.0,98.865,data/TA_ONLY/SO289_TA_only/,0,False,0-0  0  (0)SO289-05032022-17-05.dat,0.10117281148021293,True,,0.10011590766482438,2331.4850052022284,630.1765255092264,2316.0229112628763,3.9211089504223122,7.0,636.1816047329271,8.058433005228867,25.0,
62,SO289-03042022-19-00,0,0,0,0,0,0,C_Nov21-22_0811,data/TA_ONLY/SO289_TA_only.dbs,2022-11-23 16:09:00,19319.672916666666,35.0,,0.0,0.0,0.0,False,25.0,98.865,data/TA_ONLY/SO289_TA_only/,0,False,0-0  0  (0)SO289-03042022-19-00.dat,0.10117281148021293,True,,0.10011590766482438,2320.1570161650075,630.1892553286889,2304.424640666881,3.303899527056236,7.0,636.1747384310275,8.112408142869041,25.0,
63,SO289-41081,0,0,0,0,0,0,C_Nov21-22_0811,data/TA_ONLY/SO289_TA_only.dbs,2022-11-23 16:24:00,19319.683333333334,35.0,,0.0,0.0,0.0,False,25.0,98.865,data/TA_ONLY/SO289_TA_only/,0,False,0-0  0  (0)SO289-41081.dat,0.10117281148021293,True,,0.10011590766482438,2389.99991360457,629.8494889358451,2383.284608515207,1.2837074073374692,6.0,636.1112932208881,7.972726991132537,25.0,
64,SO289-41176,0,0,0,0,0,0,C_Nov21-22_0811,data/TA_ONLY/SO289_TA_only.dbs,2022-11-23 16:38:00,19319.693055555555,35.0,,0.0,0.0,0.0,False,25.0,98.865,data/TA_ONLY/SO289_TA_only/,0,False,0-0  0  (0)SO289-41176.dat,0.10117281148021293,True,,0.10011590766482438,2335.590657368922,630.0494413661911,2320.644939469078,3.9867754558718382,7.0,636.0767509737518,8.032995708685931,25.0,
65,SO289-26032022-23-01,0,0,0,0,0,0,C_Nov21-22_0811,data/TA_ONLY/SO289_TA_only.dbs,2022-11-23 16:53:00,19319.703472222223,35.0,,0.0,0.0,0.0,False,25.0,98.865,data/TA_ONLY/SO289_TA_only/,0,False,0-0  0  (0)SO289-26032022-23-01.dat,0.10117281148021293,True,,0.10011590766482438,2304.321226016297,629.9728507991008,2289.5262089640937,2.630419583352199,6.0,635.9625695756986,8.08769237062734,25.0,
66,SO289-41099,0,0,0,0,0,0,C_Nov21-22_0811,data/TA_ONLY/SO289_TA_only.dbs,2022-11-23 17:07:00,19319.713194444445,35.0,,0.0,0.0,0.0,False,25.0,98.865,data/TA_ONLY/SO289_TA_only/,0,False,0-0  0  (0)SO289-41099.dat,0.10117281148021293,True,,0.10011590766482438,2372.9586095800846,629.7278655462742,2366.0385891797155,1.6687951599388366,6.0,635.9922589461756,7.978321470495302,25.0,
67,SO289-41000,0,0,0,0,0,0,C_Nov21-22_0811,data/TA_ONLY/SO289_TA_only.dbs,2022-11-23 17:22:00,19319.723611111112,35.0,,0.0,0.0,0.0,False,25.0,98.865,data/TA_ONLY/SO289_TA_only/,0,False,0-0  0  (0)SO289-41000.dat,0.10117281148021293,True,,0.10011590766482438,2301.3540671101355,629.9318074932521,2285.4777181776367,2.2848602651288443,6.0,635.8751116919681,8.091285076434428,25.0,
68,NUTSLAB04,23,11,22,0,0,0,C_Nov21-22_0811,data/TA_ONLY/SO289_TA_only.dbs,2022-11-23 17:36:00,19319.733333333334,35.0,,0.0,0.0,0.0,False,25.0,98.865,data/TA_ONLY/SO289_TA_only/,0,False,23-11  22  (0)NUTSLAB04.dat,0.10117281148021293,True,,0.10011590766482438,2372.4968287617053,629.784933052464,2364.764252502907,1.8959219410976889,6.0,636.0012488197422,7.953118179807844,25.0,
69,SO289-41009,0,0,0,0,0,0,C_Nov21-22_0811,data/TA_ONLY/SO289_TA_only.dbs,2022-11-23 17:51:00,19319.74375,35.0,,0.0,0.0,0.0,False,25.0,98.865,data/TA_ONLY/SO289_TA_only/,0,False,0-0  0  (0)SO289-41009.dat,0.10117281148021293,True,,0.10011590766482438,2385.45258187476,629.564770559701,2378.297799787431,1.197637728935636,6.0,635.804961872485,7.972619969180493,25.0,
70,SO289-41001,0,0,0,0,0,0,C_Nov21-22_0811,data/TA_ONLY/SO289_TA_only.dbs,2022-11-23 18:06:00,19319.754166666666,35.0,,0.0,0.0,0.0,False,25.0,98.865,data/TA_ONLY/SO289_TA_only/,0,False,0-0  0  (0)SO289-41001.dat,0.10117281148021293,True,,0.10011590766482438,2371.856749543082,629.6729347200888,2364.516589624802,0.9268798330683237,6.0,635.9249366092245,7.987325587735369,25.0,
71,SO289-41068,0,0,0,0,0,0,C_Nov21-22_0811,data/TA_ONLY/SO289_TA_only.dbs,2022-11-23 18:20:00,19319.76388888889,35.0,,0.0,0.0,0.0,False,25.0,98.865,data/TA_ONLY/SO289_TA_only/,0,False,0-0  0  (0)SO289-41068.dat,0.10117281148021293,True,,0.10011590766482438,2311.587740371152,629.7864965714531,2297.584929814081,3.2901920314600837,7.0,635.8630576406547,8.105449296348644,25.0,
72,SO289-41117,0,0,0,0,0,0,C_Nov21-22_0811,data/TA_ONLY/SO289_TA_only.dbs,2022-11-23 18:35:00,19319.774305555555,35.0,,0.0,0.0,0.0,False,25.0,98.865,data/TA_ONLY/SO289_TA_only/,0,False,0-0  0  (0)SO289-41117.dat,0.10117281148021293,True,,0.10011590766482438,2384.8685590061596,629.6210098560093,2378.090745743155,1.5099091632811283,6.0,635.8893089238711,7.986723355131739,25.0,
73,SO289-30032022-05-40,0,0,0,0,0,0,C_Nov21-22_0811,data/TA_ONLY/SO289_TA_only.dbs,2022-11-23 18:49:00,19319.78402777778,35.0,,0.0,0.0,0.0,False,25.0,98.865,data/TA_ONLY/SO289_TA_only/,0,False,0-0  0  (0)SO289-30032022-05-40.dat,0.10117281148021293,True,,0.10011590766482438,2309.0711559963265,629.7000511487944,2295.9727478169066,3.260377713709068,7.0,635.8217062270014,8.105595487733845,25.0,
74,SO289-31032022-NA-NA,0,0,0,0,0,0,C_Nov21-22_0811,data/TA_ONLY/SO289_TA_only.dbs,2022-11-23 19:05:00,19319.79513888889,35.0,,0.0,0.0,0.0,False,25.0,98.865,data/TA_ONLY/SO289_TA_only/,0,False,0-0  0  (0)SO289-31032022-NA-NA.dat,0.10117281148021293,True,,0.10011590766482438,2299.8852171175135,629.6093216311592,2286.1019694057222,2.7031090554570274,6.0,635.672707891956,8.098005844071663,25.0,
75,SO289-28032022-12-00,0,0,0,0,0,0,C_Nov21-22_0811,data/TA_ONLY/SO289_TA_only.dbs,2022-11-23 19:20:00,19319.805555555555,35.0,,0.0,0.0,0.0,False,25.0,98.865,data/TA_ONLY/SO289_TA_only/,0,False,0-0  0  (0)SO289-28032022-12-00.dat,0.10117281148021293,True,,0.10011590766482438,2292.960110187171,629.6705748482294,2277.162207979285,2.2105958306108615,6.0,635.6340108438934,8.103267953731716,25.0,
76,SO289-26032022-07-08,0,0,0,0,0,0,C_Nov21-22_0811,data/TA_ONLY/SO289_TA_only.dbs,2022-11-23 19:35:00,19319.815972222223,35.0,,0.0,0.0,0.0,False,25.0,98.865,data/TA_ONLY/SO289_TA_only/,0,False,0-0  0  (0)SO289-26032022-07-08.dat,0.10117281148021293,True,,0.10011590766482438,2298.952542615007,629.6461859719908,2282.4756854162865,2.4081096464413774,6.0,635.5744631897467,8.105642090055486,25.0,
77,SO289-40988,0,0,0,0,0,0,C_Nov21-22_0811,data/TA_ONLY/SO289_TA_only.dbs,2022-11-23 19:50:00,19319.82638888889,35.0,,0.0,0.0,0.0,False,25.0,98.865,data/TA_ONLY/SO289_TA_only/,0,False,0-0  0  (0)SO289-40988.dat,0.10117281148021293,True,,0.10011590766482438,2309.6114954877485,629.537621309104,2295.357962092804,3.171366869013251,7.0,635.6032763464981,8.037669955512445,25.0,
78,SO289-31032022-21-30,0,0,0,0,0,0,C_Nov21-22_0811,data/TA_ONLY/SO289_TA_only.dbs,2022-11-23 20:04:00,19319.83611111111,35.0,,0.0,0.0,0.0,False,25.0,98.865,data/TA_ONLY/SO289_TA_only/,0,False,0-0  0  (0)SO289-31032022-21-30.dat,0.10117281148021293,True,,0.10011590766482438,2331.5322901062677,629.5728886616768,2317.182639496621,3.93731288078148,7.0,635.6359987303733,8.08724323032529,25.0,
79,NUTSLAB05,23,11,22,0,0,0,C_Nov21-22_0811,data/TA_ONLY/SO289_TA_only.dbs,2022-11-23 20:19:00,19319.84652777778,35.0,,0.0,0.0,0.0,False,25.0,98.865,data/TA_ONLY/SO289_TA_only/,0,False,23-11  22  (0)NUTSLAB05.dat,0.10117281148021293,True,,0.10011590766482438,2370.388755208591,629.3629302928745,2361.765555149014,1.725071582341559,6.0,635.5377616528951,7.952890199473861,25.0,
80,SO289-02032022-12-00,0,0,0,0,0,0,C_Nov21-22_0811,data/TA_ONLY/SO289_TA_only.dbs,2022-11-23 20:33:00,19319.85625,35.0,,0.0,0.0,0.0,False,25.0,98.865,data/TA_ONLY/SO289_TA_only/,0,False,0-0  0  (0)SO289-02032022-12-00.dat,0.10117281148021293,True,,0.10011590766482438,2311.3867415487675,629.400908176572,2296.943403572649,2.992992146233587,7.0,635.4524989927062,8.052024791090894,25.0,
81,SO289-25032022-20-30,0,0,0,0,0,0,C_Nov21-22_0811,data/TA_ONLY/SO289_TA_only.dbs,2022-11-23 20:48:00,19319.866666666665,35.0,,0.0,0.0,0.0,False,25.0,98.865,data/TA_ONLY/SO289_TA_only/,0,False,0-0  0  (0)SO289-25032022-20-30.dat,0.10117281148021293,True,,0.10011590766482438,2304.2652151133852,629.3984841328682,2290.227393226785,2.7388457848640053,6.0,635.4358957893013,8.101609465839609,25.0,
82,SO289-03042022-21-00,0,0,0,0,0,0,C_Nov21-22_0811,data/TA_ONLY/SO289_TA_only.dbs,2022-11-23 21:03:00,19319.877083333333,35.0,,0.0,0.0,0.0,False,25.0,98.865,data/TA_ONLY/SO289_TA_only/,0,False,0-0  0  (0)SO289-03042022-21-00.dat,0.10117281148021293,True,,0.10011590766482438,2321.294662897852,630.706560342956,2306.1720079763713,3.3944835383699132,7.0,636.7221899761453,8.111519890026155,25.0,
83,SO289-28032022-21-45,0,0,0,0,0,0,C_Nov21-22_0811,data/TA_ONLY/SO289_TA_only.dbs,2022-11-23 21:18:00,19319.8875,35.0,,0.0,0.0,0.0,False,25.0,98.865,data/TA_ONLY/SO289_TA_only/,0,False,0-0  0  (0)SO289-28032022-21-45.dat,0.10117281148021293,True,,0.10011590766482438,2298.1729720861995,629.3666830218021,2283.712014214295,2.6501277448097773,6.0,635.3972607532544,8.08996912303887,25.0,
84,SO289-41204,0,0,0,0,0,0,C_Nov21-22_0811,data/TA_ONLY/SO289_TA_only.dbs,2022-11-23 21:32:00,19319.897222222222,35.0,,0.0,0.0,0.0,False,25.0,98.865,data/TA_ONLY/SO289_TA_only/,0,False,0-0  0  (0)SO289-41204.dat,0.10117281148021293,True,,0.10011590766482438,2360.514976641897,629.2339311673029,2352.598816207538,0.9226520347900079,6.0,635.4542104950581,7.972607268271644,25.0,
85,SO289-41083,0,0,0,0,0,0,C_Nov21-22_0811,data/TA_ONLY/SO289_TA_only.dbs,2022-11-23 21:47:00,19319.90763888889,35.0,,0.0,0.0,0.0,False,25.0,98.865,data/TA_ONLY/SO289_TA_only/,0,False,0-0  0  (0)SO289-41083.dat,0.10117281148021293,True,,0.10011590766482438,2349.8049210870677,629.2301206567377,2341.5339230229533,0.8966692887116188,6.0,635.450170540804,7.974229328970256,25.0,
86,SO289-04032022-02-16,0,0,0,0,0,0,C_Nov21-22_0811,data/TA_ONLY/SO289_TA_only.dbs,2022-11-23 22:01:00,19319.91736111111,35.0,,0.0,0.0,0.0,False,25.0,98.865,data/TA_ONLY/SO289_TA_only/,0,False,0-0  0  (0)SO289-04032022-02-16.dat,0.10117281148021293,True,,0.10011590766482438,2312.403568762643,629.3015659166944,2298.3466169843755,3.3895906274043877,7.0,635.3774593778155,8.049066008841399,25.0,
87,SO289-03032022-02-54,0,0,0,0,0,0,C_Nov21-22_0811,data/TA_ONLY/SO289_TA_only.dbs,2022-11-23 22:15:00,19319.927083333332,35.0,,0.0,0.0,0.0,False,25.0,98.865,data/TA_ONLY/SO289_TA_only/,0,False,0-0  0  (0)SO289-03032022-02-54.dat,0.10117281148021293,True,,0.10011590766482438,2319.03639544705,629.289399395049,2304.8627820022352,3.3560767193992325,7.0,635.3607789482379,8.043713000984393,25.0,
88,SO289-41031,0,0,0,0,0,0,C_Nov21-22_0811,data/TA_ONLY/SO289_TA_only.dbs,2022-11-23 22:30:00,19319.9375,35.0,,0.0,0.0,0.0,False,25.0,98.865,data/TA_ONLY/SO289_TA_only/,0,False,0-0  0  (0)SO289-41031.dat,0.10117281148021293,True,,0.10011590766482438,2300.6623500595374,629.211055835819,2286.2412260543133,2.6519311831939607,6.0,635.2464301961512,8.002902055209468,25.0,
89,SO289-41008,0,0,0,0,0,0,C_Nov21-22_0811,data/TA_ONLY/SO289_TA_only.dbs,2022-11-23 22:45:00,19319.947916666668,35.0,,0.0,0.0,0.0,False,25.0,98.865,data/TA_ONLY/SO289_TA_only/,0,False,0-0  0  (0)SO289-41008.dat,0.10117281148021293,True,,0.10011590766482438,2395.6371014515603,629.0223570254767,2388.5185387553147,1.4250890340731548,6.0,635.2545467203032,7.986135752200057,25.0,
90,NUTSLAB06,23,11,22,0,0,0,C_Nov21-22_0811,data/TA_ONLY/SO289_TA_only.dbs,2022-11-23 22:59:00,19319.95763888889,35.0,,0.0,0.0,0.0,False,25.0,98.865,data/TA_ONLY/SO289_TA_only/,0,False,23-11  22  (0)NUTSLAB06.dat,0.10117281148021293,True,,0.10011590766482438,2371.6702502973126,629.1479250532282,2363.2435333714016,1.6835203112638504,6.0,635.3351459572033,7.954536335128047,25.0,
91,CRM-198-0307-02,666,0,0,0,0,0,C_Nov21-22_0811,data/TA_ONLY/SO289_TA_only.dbs,2022-11-23 23:13:00,19319.96736111111,33.504,2200.67,0.67,3.8,0.0,True,25.0,98.865,data/TA_ONLY/SO289_TA_only/,0,True,666-0  0  (0)CRM-198-0307-02.dat,0.10106107928593495,True,0.10015895379219587,0.10011590766482438,2208.4599481262658,628.9675875079057,2199.7248336305165,0.9260728748647191,6.0,635.0742669092701,7.929842365146537,25.0,-0.9451663694835588
92,JUNK02,24,11,22,0,0,0,C_Nov21-22_0811,data/TA_ONLY/SO289_TA_only.dbs,2022-11-24 08:05:00,19320.336805555555,35.0,,0.0,0.0,0.0,False,25.0,98.865,data/TA_ONLY/SO289_TA_only/,1,False,24-11  22  (0)JUNK02.dat,0.10117281148021293,True,,0.10052106910126568,2406.956769060565,628.1016990940852,2400.4267663918836,1.2151237971775426,6.0,634.3628327666174,7.925423212938186,25.0,
93,JUNK03,24,11,22,0,0,0,C_Nov21-22_0811,data/TA_ONLY/SO289_TA_only.dbs,2022-11-24 08:20:00,19320.347222222223,35.0,,0.0,0.0,0.0,False,25.0,98.865,data/TA_ONLY/SO289_TA_only/,1,False,24-11  22  (0)JUNK03.dat,0.10117281148021293,True,,0.10052106910126568,2407.9728281571097,628.2892779951376,2401.587252355422,1.1810445199406665,6.0,634.5569105291576,7.921942406257062,25.0,
94,CRM-198-0862-02,666,0,0,0,0,0,C_Nov21-22_0811,data/TA_ONLY/SO289_TA_only.dbs,2022-11-24 08:36:00,19320.358333333334,33.504,2200.67,0.67,3.8,0.0,True,25.0,98.865,data/TA_ONLY/SO289_TA_only/,1,True,666-0  0  (0)CRM-198-0862-02.dat,0.10106107928593495,True,0.10013037855167792,0.10052106910126568,2218.5773260902674,629.1063933111934,2209.2508566710762,0.9675028950288386,6.0,635.1858149086887,7.923276166490196,25.0,8.580856671076162
95,NUTSLAB01,24,11,22,0,0,0,C_Nov21-22_0811,data/TA_ONLY/SO289_TA_only.dbs,2022-11-24 08:50:00,19320.368055555555,35.0,,0.0,0.0,0.0,False,25.0,98.865,data/TA_ONLY/SO289_TA_only/,1,False,24-11  22  (0)NUTSLAB01.dat,0.10117281148021293,True,,0.10052106910126568,2380.294456153862,629.3452838240854,2372.0547214382746,1.9265066832021858,6.0,635.5359202932725,7.9528590740502265,25.0,
96,SO289-06032022-05-52,0,0,0,0,0,0,C_Nov21-22_0811,data/TA_ONLY/SO289_TA_only.dbs,2022-11-24 09:05:00,19320.378472222223,35.0,,0.0,0.0,0.0,False,25.0,98.865,data/TA_ONLY/SO289_TA_only/,1,False,0-0  0  (0)SO289-06032022-05-52.dat,0.10117281148021293,True,,0.10052106910126568,2335.6975199601297,629.5573557829756,2320.5815747709726,3.6424313883849133,7.0,635.5772245579889,8.050752389632393,25.0,
97,SO289-41032,0,0,0,0,0,0,C_Nov21-22_0811,data/TA_ONLY/SO289_TA_only.dbs,2022-11-24 09:20:00,19320.38888888889,35.0,,0.0,0.0,0.0,False,25.0,98.865,data/TA_ONLY/SO289_TA_only/,1,False,0-0  0  (0)SO289-41032.dat,0.10117281148021293,True,,0.10052106910126568,2327.4503889126245,629.6308224037647,2313.62229637264,3.5097169107063904,7.0,635.7199561255246,8.018512876385495,25.0,
98,SO289-41281,0,0,0,0,0,0,C_Nov21-22_0811,data/TA_ONLY/SO289_TA_only.dbs,2022-11-24 09:34:00,19320.39861111111,35.0,,0.0,0.0,0.0,False,25.0,98.865,data/TA_ONLY/SO289_TA_only/,1,False,0-0  0  (0)SO289-41281.dat,0.10117281148021293,True,,0.10052106910126568,2303.0744011490337,629.6312872262292,2286.7321097174486,1.9313216780090363,6.0,635.5611288827092,7.993853589093193,25.0,
99,SO289-04032022-15-35,0,0,0,0,0,0,C_Nov21-22_0811,data/TA_ONLY/SO289_TA_only.dbs,2022-11-24 09:49:00,19320.40902777778,35.0,,0.0,0.0,0.0,False,25.0,98.865,data/TA_ONLY/SO289_TA_only/,1,False,0-0  0  (0)SO289-04032022-15-35.dat,0.10117281148021293,True,,0.10052106910126568,2039.6708926746169,633.2513025090108,2024.7163931953687,2.761443788364456,7.0,639.2644587099187,8.111389204562231,25.0,
100,SO289-41178,0,0,0,0,0,0,C_Nov21-22_0811,data/TA_ONLY/SO289_TA_only.dbs,2022-11-24 10:03:00,19320.41875,35.0,,0.0,0.0,0.0,False,25.0,98.865,data/TA_ONLY/SO289_TA_only/,1,False,0-0  0  (0)SO289-41178.dat,0.10117281148021293,True,,0.10052106910126568,2349.5648079895477,629.8810778673364,2333.746942173073,4.3448101556649315,7.0,635.8739930189774,8.054078465446702,25.0,
101,SO289-41239,0,0,0,0,0,0,C_Nov21-22_0811,data/TA_ONLY/SO289_TA_only.dbs,2022-11-24 10:18:00,19320.429166666665,35.0,,0.0,0.0,0.0,False,25.0,98.865,data/TA_ONLY/SO289_TA_only/,1,False,0-0  0  (0)SO289-41239.dat,0.10117281148021293,True,,0.10052106910126568,2315.0575138085283,629.8896311295393,2300.717859010276,2.895713439354432,7.0,635.9495739201099,8.0722595479414,25.0,
102,SO289-41244,0,0,0,0,0,0,C_Nov21-22_0811,data/TA_ONLY/SO289_TA_only.dbs,2022-11-24 10:33:00,19320.439583333333,35.0,,0.0,0.0,0.0,False,25.0,98.865,data/TA_ONLY/SO289_TA_only/,1,False,0-0  0  (0)SO289-41244.dat,0.10117281148021293,True,,0.10052106910126568,2419.4507719305116,629.7665495419728,2411.352587757459,1.6022754411959845,6.0,635.9147011757622,7.972784597500069,25.0,
103,SO289-41080,0,0,0,0,0,0,C_Nov21-22_0811,data/TA_ONLY/SO289_TA_only.dbs,2022-11-24 10:47:00,19320.449305555554,35.0,,0.0,0.0,0.0,False,25.0,98.865,data/TA_ONLY/SO289_TA_only/,1,False,0-0  0  (0)SO289-41080.dat,0.10117281148021293,True,,0.10052106910126568,2407.0160450658304,629.7545355885312,2399.9768059999756,1.4999392523662942,6.0,635.9887209062516,8.069540568912114,25.0,
104,SO289-40372,0,0,0,0,0,0,C_Nov21-22_0811,data/TA_ONLY/SO289_TA_only.dbs,2022-11-24 11:03:00,19320.460416666665,35.0,,0.0,0.0,0.0,False,25.0,98.865,data/TA_ONLY/SO289_TA_only/,1,False,0-0  0  (0)SO289-40372.dat,0.10117281148021293,True,,0.10052106910126568,2289.8462956466897,629.8270146409143,2275.4567279000103,1.9578548966838498,6.0,635.8620166125431,8.037817696605488,25.0,
105,SO289-41192,0,0,0,0,0,0,C_Nov21-22_0811,data/TA_ONLY/SO289_TA_only.dbs,2022-11-24 11:17:00,19320.47013888889,35.0,,0.0,0.0,0.0,False,25.0,98.865,data/TA_ONLY/SO289_TA_only/,1,False,0-0  0  (0)SO289-41192.dat,0.10117281148021293,True,,0.10052106910126568,2332.029477997614,629.5725181954913,2318.1095084269505,4.070149828905708,7.0,635.6648390862999,7.902637400845037,25.0,
106,NUTSLAB02,24,11,22,0,0,0,C_Nov21-22_0811,data/TA_ONLY/SO289_TA_only.dbs,2022-11-24 11:32:00,19320.480555555554,35.0,,0.0,0.0,0.0,False,25.0,98.865,data/TA_ONLY/SO289_TA_only/,1,False,24-11  22  (0)NUTSLAB02.dat,0.10117281148021293,True,,0.10052106910126568,2381.271748815717,629.7943162245987,2372.6030323217365,1.513237007694782,6.0,635.9627256592315,7.95246700353792,25.0,
107,SO289-02032022-01-10,0,0,0,0,0,0,C_Nov21-22_0811,data/TA_ONLY/SO289_TA_only.dbs,2022-11-24 11:49:00,19320.49236111111,35.0,,0.0,0.0,0.0,False,25.0,98.865,data/TA_ONLY/SO289_TA_only/,1,False,0-0  0  (0)SO289-02032022-01-10.dat,0.10117281148021293,True,,0.10052106910126568,2314.8401598724295,629.8035427540949,2298.4637300039512,2.265277830145547,6.0,635.7159973359451,8.046336735106696,25.0,
108,SO289-41073,0,0,0,0,0,0,C_Nov21-22_0811,data/TA_ONLY/SO289_TA_only.dbs,2022-11-24 12:04:00,19320.50277777778,35.0,,0.0,0.0,0.0,False,25.0,98.865,data/TA_ONLY/SO289_TA_only/,1,False,0-0  0  (0)SO289-41073.dat,0.10117281148021293,True,,0.10052106910126568,1952.2382670748516,635.0077836969208,1941.0845634987081,0.9341779421858113,6.0,641.1943169412888,8.060338236119657,25.0,
109,SO289-40377,0,0,0,0,0,0,C_Nov21-22_0811,data/TA_ONLY/SO289_TA_only.dbs,2022-11-24 12:18:00,19320.5125,35.0,,0.0,0.0,0.0,False,25.0,98.865,data/TA_ONLY/SO289_TA_only/,1,False,0-0  0  (0)SO289-40377.dat,0.10117281148021293,True,,0.10052106910126568,2177.8647265633267,631.4281748576585,2162.423568117539,3.1385039294453265,7.0,637.4416468820682,8.072970728282511,25.0,
110,SO289-41116,0,0,0,0,0,0,C_Nov21-22_0811,data/TA_ONLY/SO289_TA_only.dbs,2022-11-24 12:42:00,19320.529166666667,35.0,,0.0,0.0,0.0,False,25.0,98.865,data/TA_ONLY/SO289_TA_only/,1,False,0-0  0  (0)SO289-41116.dat,0.10117281148021293,True,,0.10052106910126568,2411.2290021346003,629.6407619983177,2404.4431492434774,1.4765694254626676,6.0,635.8837378972003,7.977332259904098,25.0,
111,SO289-02042022-20-50,0,0,0,0,0,0,C_Nov21-22_0811,data/TA_ONLY/SO289_TA_only.dbs,2022-11-24 12:57:00,19320.539583333335,35.0,,0.0,0.0,0.0,False,25.0,98.865,data/TA_ONLY/SO289_TA_only/,1,False,0-0  0  (0)SO289-02042022-20-50.dat,0.10117281148021293,True,,0.10052106910126568,1944.967613048246,634.4223118978306,1934.3445009159966,0.8096188279064256,6.0,640.6535314989405,8.178818499167782,25.0,
112,NUTSLAB03,24,11,22,0,0,0,C_Nov21-22_0811,data/TA_ONLY/SO289_TA_only.dbs,2022-11-24 13:12:00,19320.55,35.0,,0.0,0.0,0.0,False,25.0,98.865,data/TA_ONLY/SO289_TA_only/,1,False,24-11  22  (0)NUTSLAB03.dat,0.10117281148021293,True,,0.10052106910126568,2374.158330429079,629.2453738348711,2125.1878348611913,206.31610655883242,11.0,623.9697998608613,7.752280099240841,25.0,
113,NUTSLAB04,24,11,22,0,0,0,C_Nov21-22_0811,data/TA_ONLY/SO289_TA_only.dbs,2022-11-24 13:30:00,19320.5625,35.0,,0.0,0.0,0.0,False,25.0,98.865,data/TA_ONLY/SO289_TA_only/,1,False,24-11  22  (0)NUTSLAB04.dat,0.10117281148021293,True,,0.10052106910126568,2381.4776704115748,629.5757134813774,2373.2724554045813,1.781198943157146,6.0,635.7718691851846,7.953466736169142,25.0,
114,SO289-41194,0,0,0,0,0,0,C_Nov21-22_0811,data/TA_ONLY/SO289_TA_only.dbs,2022-11-24 13:44:00,19320.57222222222,35.0,,0.0,0.0,0.0,False,25.0,98.865,data/TA_ONLY/SO289_TA_only/,1,False,0-0  0  (0)SO289-41194.dat,0.10117281148021293,True,,0.10052106910126568,2400.9181938246516,629.5042005708177,2393.467806494811,1.348348195768389,6.0,635.7209881547997,7.9796522697268895,25.0,
115,SO289-41030,0,0,0,0,0,0,C_Nov21-22_0811,data/TA_ONLY/SO289_TA_only.dbs,2022-11-24 14:00:00,19320.583333333332,35.0,,0.0,0.0,0.0,False,25.0,98.865,data/TA_ONLY/SO289_TA_only/,1,False,0-0  0  (0)SO289-41030.dat,0.10117281148021293,True,,0.10052106910126568,2108.0985147978763,631.9516705449736,2094.1497351136686,1.1879369876412476,6.0,638.0320454858115,8.031394854406043,25.0,
116,SO289-29032022-18-30,0,0,0,0,0,0,C_Nov21-22_0811,data/TA_ONLY/SO289_TA_only.dbs,2022-11-24 14:14:00,19320.593055555557,35.0,,0.0,0.0,0.0,False,25.0,98.865,data/TA_ONLY/SO289_TA_only/,1,False,0-0  0  (0)SO289-29032022-18-30.dat,0.10117281148021293,True,,0.10052106910126568,2317.204323175903,629.7163583315615,2302.6897050196344,3.1362380333496027,7.0,635.7664404837725,8.102970953137449,25.0,
117,SO289-41158,0,0,0,0,0,0,C_Nov21-22_0811,data/TA_ONLY/SO289_TA_only.dbs,2022-11-24 14:29:00,19320.60347222222,35.0,,0.0,0.0,0.0,False,25.0,98.865,data/TA_ONLY/SO289_TA_only/,1,False,0-0  0  (0)SO289-41158.dat,0.10117281148021293,True,,0.10052106910126568,2401.3289925301833,629.5679686320312,2394.2636187165517,1.187360746297655,6.0,635.8123917245617,7.995565285609399,25.0,
118,SO289-41179,0,0,0,0,0,0,C_Nov21-22_0811,data/TA_ONLY/SO289_TA_only.dbs,2022-11-24 14:45:00,19320.614583333332,35.0,,0.0,0.0,0.0,False,25.0,98.865,data/TA_ONLY/SO289_TA_only/,1,False,0-0  0  (0)SO289-41179.dat,0.10117281148021293,True,,0.10052106910126568,2352.5073674842215,629.6916452368137,2337.4512918631976,4.404930673609437,7.0,635.7185326559459,8.062437916536949,25.0,
119,SO289-41203,0,0,0,0,0,0,C_Nov21-22_0811,data/TA_ONLY/SO289_TA_only.dbs,2022-11-24 15:01:00,19320.625694444443,35.0,,0.0,0.0,0.0,False,25.0,98.865,data/TA_ONLY/SO289_TA_only/,1,False,0-0  0  (0)SO289-41203.dat,0.10117281148021293,True,,0.10052106910126568,2381.6477328887613,629.5388500711077,2374.5214206339974,1.7290030377792036,6.0,635.7947698469862,7.974983213372674,25.0,
120,SO289-41118,0,0,0,0,0,0,C_Nov21-22_0811,data/TA_ONLY/SO289_TA_only.dbs,2022-11-24 15:17:00,19320.636805555554,35.0,,0.0,0.0,0.0,False,25.0,98.865,data/TA_ONLY/SO289_TA_only/,1,False,0-0  0  (0)SO289-41118.dat,0.10117281148021293,True,,0.10052106910126568,2318.9562459031613,629.5448865096237,2305.177395648419,3.114936428649393,7.0,635.629667825857,7.897817008249956,25.0,
121,SO289-18032022-23-00,0,0,0,0,0,0,C_Nov21-22_0811,data/TA_ONLY/SO289_TA_only.dbs,2022-11-24 15:32:00,19320.647222222222,35.0,,0.0,0.0,0.0,False,25.0,98.865,data/TA_ONLY/SO289_TA_only/,1,False,0-0  0  (0)SO289-18032022-23-00.dat,0.10117281148021293,True,,0.10052106910126568,2324.5852110591995,629.5853884980156,2311.1592769503904,3.280349090770973,7.0,635.6876040160133,8.066986164455072,25.0,
122,NUTSLAB05,24,11,22,0,0,0,C_Nov21-22_0811,data/TA_ONLY/SO289_TA_only.dbs,2022-11-24 15:57:00,19320.664583333335,35.0,,0.0,0.0,0.0,False,25.0,98.865,data/TA_ONLY/SO289_TA_only/,1,False,24-11  22  (0)NUTSLAB05.dat,0.10117281148021293,True,,0.10052106910126568,2381.9696624452263,629.4198769652849,2374.2897118596275,1.6419307470401385,6.0,635.6399152898733,7.9554621285801295,25.0,
123,CRM-198-1041-02,666,0,0,0,0,0,C_Nov21-22_0811,data/TA_ONLY/SO289_TA_only.dbs,2022-11-24 16:13:00,19320.675694444446,33.504,2200.67,0.67,3.8,0.0,True,25.0,98.865,data/TA_ONLY/SO289_TA_only/,1,True,666-0  0  (0)CRM-198-1041-02.dat,0.10106107928593495,True,0.10013925280882208,0.10052106910126568,2218.588954196829,629.3168628068016,2209.0551912547107,1.3672362834480147,6.0,635.3807823068646,7.922345922867789,25.0,8.385191254710662
124,NUTSLAB01,25,11,22,0,0,0,C_Nov21-22_0811,data/TA_ONLY/SO289_TA_only.dbs,2022-11-25 08:33:00,19321.35625,35.0,,0.0,0.0,0.0,False,25.0,98.865,data/TA_ONLY/SO289_TA_only/,1,False,25-11  22  (0)NUTSLAB01.dat,0.10117281148021293,True,,0.10052106910126568,2379.468904118807,629.1864215476513,2371.5273636905354,1.6115115064962429,6.0,635.3944186205131,7.95131237546243,25.0,
125,CRM-195-0421-02,666,0,0,0,0,0,C_Nov21-22_0811,data/TA_ONLY/SO289_TA_only.dbs,2022-11-25 08:49:00,19321.36736111111,33.485,2213.51,0.49,3.6,0.0,True,25.0,98.865,data/TA_ONLY/SO289_TA_only/,1,True,666-0  0  (0)CRM-195-0421-02.dat,0.10105966083311879,True,0.10025922208644508,0.10052106910126568,2227.746657577228,629.3241320617689,2219.2872912977714,1.0022232577707961,6.0,635.4395934881902,7.9512308138349255,25.0,5.777291297771171
126,NUTSLAB02,25,11,22,0,0,0,C_Nov21-22_0811,data/TA_ONLY/SO289_TA_only.dbs,2022-11-25 09:06:00,19321.379166666666,35.0,,0.0,0.0,0.0,False,25.0,98.865,data/TA_ONLY/SO289_TA_only/,1,False,25-11  22  (0)NUTSLAB02.dat,0.10117281148021293,True,,0.10052106910126568,2380.9720580649055,629.675416501773,2372.578221910096,1.8132279268070846,6.0,635.8574857009971,7.955759130036526,25.0,
127,AE-EXP6-I1,0,0,0,0,0,0,C_Nov21-22_0811,data/TA_ONLY/SO289_TA_only.dbs,2022-11-25 09:22:00,19321.390277777777,35.0,,0.0,0.0,0.0,False,25.0,98.865,data/TA_ONLY/SO289_TA_only/,1,False,0-0  0  (0)AE-EXP6-I1.dat,0.10117281148021293,True,,0.10052106910126568,2341.7652874237147,629.9458261919472,2325.6446885556666,3.77245705763224,7.0,635.9141077879274,8.08687319676475,25.0,
128,AE-HL-E2-I1,0,0,0,0,0,0,C_Nov21-22_0811,data/TA_ONLY/SO289_TA_only.dbs,2022-11-25 09:37:00,19321.400694444445,35.0,,0.0,0.0,0.0,False,25.0,98.865,data/TA_ONLY/SO289_TA_only/,1,False,0-0  0  (0)AE-HL-E2-I1.dat,0.10117281148021293,True,,0.10052106910126568,2306.043890524919,629.9480386449795,2289.840654824228,2.2549748838916477,6.0,635.8859587402064,8.05766142815983,25.0,
129,AE-EXP6-I2,0,0,0,0,0,0,C_Nov21-22_0811,data/TA_ONLY/SO289_TA_only.dbs,2022-11-25 09:51:00,19321.410416666666,35.0,,0.0,0.0,0.0,False,25.0,98.865,data/TA_ONLY/SO289_TA_only/,1,False,0-0  0  (0)AE-EXP6-I2.dat,0.10117281148021293,True,,0.10052106910126568,2338.9167510565885,630.0253037437077,2325.147258453699,3.6509998485955752,7.0,636.1035039217368,8.085848779271329,25.0,
130,AE-HL-E2-I2,0,0,0,0,0,0,C_Nov21-22_0811,data/TA_ONLY/SO289_TA_only.dbs,2022-11-25 10:06:00,19321.420833333334,35.0,,0.0,0.0,0.0,False,25.0,98.865,data/TA_ONLY/SO289_TA_only/,1,False,0-0  0  (0)AE-HL-E2-I2.dat,0.10117281148021293,True,,0.10052106910126568,2304.6186130459105,630.039030558311,2290.3936411071704,2.611931755162787,6.0,636.0891894951034,8.058561214261479,25.0,
131,AE-EXP2-NaOH1,0,0,0,0,0,0,C_Nov21-22_0811,data/TA_ONLY/SO289_TA_only.dbs,2022-11-25 10:21:00,19321.43125,35.0,,0.0,0.0,0.0,False,25.0,98.865,data/TA_ONLY/SO289_TA_only/,1,False,0-0  0  (0)AE-EXP2-NaOH1.dat,0.10117281148021293,True,,0.10052106910126568,2778.080962318934,629.9174367539059,2767.5681183558663,3.4627019474134584,7.0,636.1344699648895,8.449797478443065,25.0,
132,AE-HL-E2-C1,0,0,0,0,0,0,C_Nov21-22_0811,data/TA_ONLY/SO289_TA_only.dbs,2022-11-25 10:37:00,19321.442361111112,35.0,,0.0,0.0,0.0,False,25.0,98.865,data/TA_ONLY/SO289_TA_only/,1,False,0-0  0  (0)AE-HL-E2-C1.dat,0.10117281148021293,True,,0.10052106910126568,2301.759608065937,630.1933718111137,2286.0146996757558,2.2803297566987086,6.0,636.1623215428493,8.058107051812257,25.0,
133,AE-EXP6-I3,0,0,0,0,0,0,C_Nov21-22_0811,data/TA_ONLY/SO289_TA_only.dbs,2022-11-25 10:51:00,19321.452083333334,35.0,,0.0,0.0,0.0,False,25.0,98.865,data/TA_ONLY/SO289_TA_only/,1,False,0-0  0  (0)AE-EXP6-I3.dat,0.10117281148021293,True,,0.10052106910126568,2341.960582624333,630.3592906283793,2326.06404326284,3.8486589016638706,7.0,636.3354479691487,8.087233920532556,25.0,
134,AE-EXP2-NaOH2,0,0,0,0,0,0,C_Nov21-22_0811,data/TA_ONLY/SO289_TA_only.dbs,2022-11-25 11:06:00,19321.4625,35.0,,0.0,0.0,0.0,False,25.0,98.865,data/TA_ONLY/SO289_TA_only/,1,False,0-0  0  (0)AE-EXP2-NaOH2.dat,0.10117281148021293,True,,0.10052106910126568,2777.5289974914344,630.0071455059954,2767.2532125735806,3.3853058505055738,7.0,636.2383512476957,8.451553435777718,25.0,
135,AE-HL-E2-I3,0,0,0,0,0,0,C_Nov21-22_0811,data/TA_ONLY/SO289_TA_only.dbs,2022-11-25 11:22:00,19321.473611111112,35.0,,0.0,0.0,0.0,False,25.0,98.865,data/TA_ONLY/SO289_TA_only/,1,False,0-0  0  (0)AE-HL-E2-I3.dat,0.10117281148021293,True,,0.10052106910126568,2308.143532478271,630.2826137155678,2292.9790704257052,2.367298798962518,6.0,636.2680740690532,8.060739814745004,25.0,
136,AE-EXP2-NaOH3,0,0,0,0,0,0,C_Nov21-22_0811,data/TA_ONLY/SO289_TA_only.dbs,2022-11-25 11:36:00,19321.483333333334,35.0,,0.0,0.0,0.0,False,25.0,98.865,data/TA_ONLY/SO289_TA_only/,1,False,0-0  0  (0)AE-EXP2-NaOH3.dat,0.10117281148021293,True,,0.10052106910126568,2776.7866688422982,630.0884258526437,2766.145170454223,3.502628501533397,7.0,636.3011188136076,8.434865751655861,25.0,
137,NUTSLAB03,24,11,22,0,0,0,C_Nov21-22_0811,data/TA_ONLY/SO289_TA_only.dbs,2022-11-25 11:56:00,19321.49722222222,35.0,,0.0,0.0,0.0,False,25.0,98.865,data/TA_ONLY/SO289_TA_only/,1,False,24-11  22  (0)NUTSLAB03.dat,0.10117281148021293,True,,0.10052106910126568,2374.158330429079,629.2453738348711,2125.1878348611913,206.31610655883242,11.0,623.9697998608613,7.752280099240841,25.0,
138,AE-EXP1-NaOH1,0,0,0,0,0,0,C_Nov21-22_0811,data/TA_ONLY/SO289_TA_only.dbs,2022-11-25 12:11:00,19321.50763888889,35.0,,0.0,0.0,0.0,False,25.0,98.865,data/TA_ONLY/SO289_TA_only/,1,False,0-0  0  (0)AE-EXP1-NaOH1.dat,0.10117281148021293,True,,0.10052106910126568,2761.8977721340566,629.9963883902269,2756.1722531130213,2.6969913862911636,6.0,636.1744643087321,8.4623059733381,25.0,
139,AE-HL-E1-C2,0,0,0,0,0,0,C_Nov21-22_0811,data/TA_ONLY/SO289_TA_only.dbs,2022-11-25 12:27:00,19321.51875,35.0,,0.0,0.0,0.0,False,25.0,98.865,data/TA_ONLY/SO289_TA_only/,1,False,0-0  0  (0)AE-HL-E1-C2.dat,0.10117281148021293,True,,0.10052106910126568,2304.4479747294704,630.2548633868246,2289.84289420148,2.226538140715444,6.0,636.2717469762455,8.048124274223523,25.0,
140,AE-HL-E1-C3,0,0,0,0,0,0,C_Nov21-22_0811,data/TA_ONLY/SO289_TA_only.dbs,2022-11-25 12:42:00,19321.529166666667,35.0,,0.0,0.0,0.0,False,25.0,98.865,data/TA_ONLY/SO289_TA_only/,1,False,0-0  0  (0)AE-HL-E1-C3.dat,0.10117281148021293,True,,0.10052106910126568,2304.2156134310558,630.2850551833908,2288.6715659566476,2.462431054629126,6.0,636.2576733479076,8.053802605875658,25.0,
141,AE-EXP1-NaOH3,0,0,0,0,0,0,C_Nov21-22_0811,data/TA_ONLY/SO289_TA_only.dbs,2022-11-25 12:57:00,19321.539583333335,35.0,,0.0,0.0,0.0,False,25.0,98.865,data/TA_ONLY/SO289_TA_only/,1,False,0-0  0  (0)AE-EXP1-NaOH3.dat,0.10117281148021293,True,,0.10052106910126568,2777.49054469775,630.0268630468876,2765.988543357653,3.45517352783402,7.0,636.1923627456919,8.44824054400064,25.0,
142,AE-HL-E2-C2,0,0,0,0,0,0,C_Nov21-22_0811,data/TA_ONLY/SO289_TA_only.dbs,2022-11-25 13:14:00,19321.55138888889,35.0,,0.0,0.0,0.0,False,25.0,98.865,data/TA_ONLY/SO289_TA_only/,1,False,0-0  0  (0)AE-HL-E2-C2.dat,0.10117281148021293,True,,0.10052106910126568,2297.400200112194,630.165047468997,2282.43738097776,1.77228133745777,6.0,636.1569581683221,8.05040981670086,25.0,
143,AE-HL-E1-I3,0,0,0,0,0,0,C_Nov21-22_0811,data/TA_ONLY/SO289_TA_only.dbs,2022-11-25 13:29:00,19321.561805555557,35.0,,0.0,0.0,0.0,False,25.0,98.865,data/TA_ONLY/SO289_TA_only/,1,False,0-0  0  (0)AE-HL-E1-I3.dat,0.10117281148021293,True,,0.10052106910126568,2336.894164743797,630.2330004115342,2320.840932382081,3.5736433937477305,7.0,636.2001509319963,8.057901325883414,25.0,
144,AE-HL-E2-C3,0,0,0,0,0,0,C_Nov21-22_0811,data/TA_ONLY/SO289_TA_only.dbs,2022-11-25 13:44:00,19321.57222222222,35.0,,0.0,0.0,0.0,False,25.0,98.865,data/TA_ONLY/SO289_TA_only/,1,False,0-0  0  (0)AE-HL-E2-C3.dat,0.10117281148021293,True,,0.10052106910126568,2304.5407478950797,630.1416702582552,2288.0379984244523,2.321822918935422,6.0,636.0744972299229,8.047325588104384,25.0,
145,AE-HL-E1-C1,0,0,0,0,0,0,C_Nov21-22_0811,data/TA_ONLY/SO289_TA_only.dbs,2022-11-25 13:58:00,19321.581944444446,35.0,,0.0,0.0,0.0,False,25.0,98.865,data/TA_ONLY/SO289_TA_only/,1,False,0-0  0  (0)AE-HL-E1-C1.dat,0.10117281148021293,True,,0.10052106910126568,2304.451844419633,630.0438971488142,2288.470065939288,2.150747632167028,6.0,635.9930369856145,8.051864850047577,25.0,
146,AE-EXP11-NaOH3,0,0,0,0,0,0,C_Nov21-22_0811,data/TA_ONLY/SO289_TA_only.dbs,2022-11-25 14:13:00,19321.59236111111,35.0,,0.0,0.0,0.0,False,25.0,98.865,data/TA_ONLY/SO289_TA_only/,1,False,0-0  0  (0)AE-EXP11-NaOH3.dat,0.10117281148021293,True,,0.10052106910126568,2453.5716792585736,629.9912144555635,2441.4315250952395,2.469238974803159,6.0,636.1044247677511,8.330119929632147,25.0,
147,AE-HL-E3-I2,0,0,0,0,0,0,C_Nov21-22_0811,data/TA_ONLY/SO289_TA_only.dbs,2022-11-25 14:28:00,19321.602777777778,35.0,,0.0,0.0,0.0,False,25.0,98.865,data/TA_ONLY/SO289_TA_only/,1,False,0-0  0  (0)AE-HL-E3-I2.dat,0.10117281148021293,True,,0.10052106910126568,2358.3462521550914,630.0300252543966,2341.9686550032748,4.887272748287766,7.0,635.9933193642054,8.05778584847261,25.0,
148,NUTSLAB04,25,11,22,0,0,0,C_Nov21-22_0811,data/TA_ONLY/SO289_TA_only.dbs,2022-11-25 14:43:00,19321.613194444446,35.0,,0.0,0.0,0.0,False,25.0,98.865,data/TA_ONLY/SO289_TA_only/,1,False,25-11  22  (0)NUTSLAB04.dat,0.10117281148021293,True,,0.10052106910126568,2381.5942771971177,629.8142445399086,2372.929475024473,2.042585401044629,6.0,635.9747574347917,7.956051082800483,25.0,
149,AE-EXP1-NaOH2,0,0,0,0,0,0,C_Nov21-22_0811,data/TA_ONLY/SO289_TA_only.dbs,2022-11-25 14:57:00,19321.622916666667,35.0,,0.0,0.0,0.0,False,25.0,98.865,data/TA_ONLY/SO289_TA_only/,1,False,0-0  0  (0)AE-EXP1-NaOH2.dat,0.10117281148021293,True,,0.10052106910126568,2776.286451629939,629.5733589023486,2765.9703908827732,3.3192360566387875,7.0,635.797029189348,8.466068098949147,25.0,
150,AE-EXP11-C3,0,0,0,0,0,0,C_Nov21-22_0811,data/TA_ONLY/SO289_TA_only.dbs,2022-11-25 15:15:00,19321.635416666668,35.0,,0.0,0.0,0.0,False,25.0,98.865,data/TA_ONLY/SO289_TA_only/,1,False,0-0  0  (0)AE-EXP11-C3.dat,0.10117281148021293,True,,0.10052106910126568,2312.06825784716,629.8534354170137,2295.5354970889703,2.6366882351295167,6.0,635.7751280240738,8.094666052640376,25.0,
151,AE-HL-E3-I1,0,0,0,0,0,0,C_Nov21-22_0811,data/TA_ONLY/SO289_TA_only.dbs,2022-11-25 15:30:00,19321.645833333332,35.0,,0.0,0.0,0.0,False,25.0,98.865,data/TA_ONLY/SO289_TA_only/,1,False,0-0  0  (0)AE-HL-E3-I1.dat,0.10117281148021293,True,,0.10052106910126568,2333.066141946716,629.7358707082686,2318.952688079858,3.541442619043354,7.0,635.8058451211881,8.052926527410014,25.0,
152,AE-EXP11-NaOH2,0,0,0,0,0,0,C_Nov21-22_0811,data/TA_ONLY/SO289_TA_only.dbs,2022-11-25 15:46:00,19321.656944444443,35.0,,0.0,0.0,0.0,False,25.0,98.865,data/TA_ONLY/SO289_TA_only/,1,False,0-0  0  (0)AE-EXP11-NaOH2.dat,0.10117281148021293,True,,0.10052106910126568,2143.615709606408,629.7699725057898,2127.23791306626,1.996397335972416,6.0,635.7324415206862,8.21226900606788,25.0,
153,AE-EXP11-C1,0,0,0,0,0,0,C_Nov21-22_0811,data/TA_ONLY/SO289_TA_only.dbs,2022-11-25 16:01:00,19321.66736111111,35.0,,0.0,0.0,0.0,False,25.0,98.865,data/TA_ONLY/SO289_TA_only/,1,False,0-0  0  (0)AE-EXP11-C1.dat,0.10117281148021293,True,,0.10052106910126568,2308.9644266354044,629.6302646425488,2293.3738019337575,2.7128988279415926,6.0,635.6041877218947,8.101918663534656,25.0,
154,NUTSLAB05,25,11,22,0,0,0,C_Nov21-22_0811,data/TA_ONLY/SO289_TA_only.dbs,2022-11-25 16:16:00,19321.67777777778,35.0,,0.0,0.0,0.0,False,25.0,98.865,data/TA_ONLY/SO289_TA_only/,1,False,25-11  22  (0)NUTSLAB05.dat,0.10117281148021293,True,,0.10052106910126568,2380.4560125129547,629.4191299934186,2373.040236258482,2.1415355639683633,6.0,635.6555775053063,7.959107574985553,25.0,
155,CRM-195-0332-02,666,0,0,0,0,0,C_Nov21-22_0811,data/TA_ONLY/SO289_TA_only.dbs,2022-11-25 16:47:00,19321.699305555554,33.485,2213.51,0.49,3.6,0.0,True,25.0,98.865,data/TA_ONLY/SO289_TA_only/,1,True,666-0  0  (0)CRM-195-0332-02.dat,0.10105966083311879,True,0.10045605179361901,0.10052106910126568,2224.5114927916916,629.1060903751697,2214.941688839566,1.2865057913696822,6.0,635.1572912926247,7.94392339337781,25.0,1.4316888395655951
156,JUNK01,30,11,22,0,0,0,C_Nov21-22_0811,data/TA_ONLY/SO289_TA_only.dbs,2022-11-30 07:52:00,19326.327777777777,35.0,,0.0,0.0,0.0,False,25.0,98.865,data/TA_ONLY/SO289_TA_only/,1,False,30-11  22  (0)JUNK01.dat,0.10117281148021293,True,,0.10052106910126568,2407.114551247117,629.6592504421255,2400.483293945511,1.6532213391128785,6.0,635.9160390793149,7.978723437992015,25.0,
157,JUNK02,30,11,22,0,0,0,C_Nov21-22_0811,data/TA_ONLY/SO289_TA_only.dbs,2022-11-30 08:07:00,19326.338194444445,35.0,,0.0,0.0,0.0,False,25.0,98.865,data/TA_ONLY/SO289_TA_only/,1,False,30-11  22  (0)JUNK02.dat,0.10117281148021293,True,,0.10052106910126568,2408.564816490714,629.9177144211322,2400.904162745833,1.6159219373938722,6.0,636.110549700217,7.978630648268695,25.0,
158,CRM-198-0551-02,666,0,0,0,0,0,C_Nov21-22_0811,data/TA_ONLY/SO289_TA_only.dbs,2022-11-30 08:24:00,19326.35,33.504,2200.67,0.67,3.8,0.0,True,25.0,98.865,data/TA_ONLY/SO289_TA_only/,1,True,666-0  0  (0)CRM-198-0551-02.dat,0.10106107928593495,True,0.10109712770944852,0.10052106910126568,2206.558731873327,630.7829696569834,2188.1368013125575,4.586811275003987,7.0,636.5547697439922,7.883873342961447,25.0,-12.533198687442564
159,NUTSLAB01,30,11,22,0,0,0,C_Nov21-22_0811,data/TA_ONLY/SO289_TA_only.dbs,2022-11-30 08:40:00,19326.36111111111,35.0,,0.0,0.0,0.0,False,25.0,98.865,data/TA_ONLY/SO289_TA_only/,1,False,30-11  22  (0)NUTSLAB01.dat,0.10117281148021293,True,,0.10052106910126568,2380.1705706795715,630.817558228783,2372.5997346140616,1.8487854583539625,6.0,637.0511138843195,7.955651424028978,25.0,
160,AE-EXP11-NaOH1,0,0,0,0,0,0,C_Nov21-22_0811,data/TA_ONLY/SO289_TA_only.dbs,2022-11-30 08:56:00,19326.37222222222,35.0,,0.0,0.0,0.0,False,25.0,98.865,data/TA_ONLY/SO289_TA_only/,1,False,0-0  0  (0)AE-EXP11-NaOH1.dat,0.10117281148021293,True,,0.10052106910126568,2365.4000126463125,631.0181705160414,2356.8288870857236,0.9221928422145458,6.0,637.2170948601854,8.317656473037534,25.0,
161,AE-EXP4-C2,0,0,0,0,0,0,C_Nov21-22_0811,data/TA_ONLY/SO289_TA_only.dbs,2022-11-30 09:13:00,19326.384027777778,35.0,,0.0,0.0,0.0,False,25.0,98.865,data/TA_ONLY/SO289_TA_only/,1,False,0-0  0  (0)AE-EXP4-C2.dat,0.10117281148021293,True,,0.10052106910126568,2319.6974733469224,631.0345948706471,2304.512859297414,3.457921118981307,7.0,637.0483676865971,8.046038732316937,25.0,
162,AE-EXP4-NaOH3,0,0,0,0,0,0,C_Nov21-22_0811,data/TA_ONLY/SO289_TA_only.dbs,2022-11-30 09:29:00,19326.39513888889,35.0,,0.0,0.0,0.0,False,25.0,98.865,data/TA_ONLY/SO289_TA_only/,1,False,0-0  0  (0)AE-EXP4-NaOH3.dat,0.10117281148021293,True,,0.10052106910126568,2803.2014253055645,631.0339800920432,2790.0052209013306,4.522870925145058,7.0,637.1291963159357,8.440411409939868,25.0,
163,AE-EXP4-NaOH2,0,0,0,0,0,0,C_Nov21-22_0811,data/TA_ONLY/SO289_TA_only.dbs,2022-11-30 09:46:00,19326.406944444443,35.0,,0.0,0.0,0.0,False,25.0,98.865,data/TA_ONLY/SO289_TA_only/,1,False,0-0  0  (0)AE-EXP4-NaOH2.dat,0.10117281148021293,True,,0.10052106910126568,2807.120229270006,631.1843243180259,2794.1342246250147,4.649354789694258,7.0,637.2935556145217,8.309652002076003,25.0,
164,AE-EXP4-C1,0,0,0,0,0,0,C_Nov21-22_0811,data/TA_ONLY/SO289_TA_only.dbs,2022-11-30 10:01:00,19326.41736111111,35.0,,0.0,0.0,0.0,False,25.0,98.865,data/TA_ONLY/SO289_TA_only/,1,False,0-0  0  (0)AE-EXP4-C1.dat,0.10117281148021293,True,,0.10052106910126568,2318.2946109247196,631.3527303401902,2303.247430168062,3.1236176917905563,7.0,637.3729680888918,8.049835265370065,25.0,
165,AE-EXP4-C3,0,0,0,0,0,0,C_Nov21-22_0811,data/TA_ONLY/SO289_TA_only.dbs,2022-11-30 10:16:00,19326.42777777778,35.0,,0.0,0.0,0.0,False,25.0,98.865,data/TA_ONLY/SO289_TA_only/,1,False,0-0  0  (0)AE-EXP4-C3.dat,0.10117281148021293,True,,0.10052106910126568,2324.687776821459,631.6060563647799,2309.5899291809615,3.204368515513776,7.0,637.6189183008752,8.04638610963938,25.0,
166,AE-EXP4-NaOH1,0,0,0,0,0,0,C_Nov21-22_0811,data/TA_ONLY/SO289_TA_only.dbs,2022-11-30 10:32:00,19326.43888888889,35.0,,0.0,0.0,0.0,False,25.0,98.865,data/TA_ONLY/SO289_TA_only/,1,False,0-0  0  (0)AE-EXP4-NaOH1.dat,0.10117281148021293,True,,0.10052106910126568,2808.75806408022,631.2840505911887,2796.3803145979023,4.6222959460258615,7.0,637.4187746924451,8.436854547883911,25.0,
167,AE-EXP11-C2,0,0,0,0,0,0,C_Nov21-22_0811,data/TA_ONLY/SO289_TA_only.dbs,2022-11-30 10:48:00,19326.45,35.0,,0.0,0.0,0.0,False,25.0,98.865,data/TA_ONLY/SO289_TA_only/,1,False,0-0  0  (0)AE-EXP11-C2.dat,0.10117281148021293,True,,0.10052106910126568,2312.5337959417775,631.4822510020881,2295.639943417646,2.455274956816761,6.0,637.3874475383527,8.08388702011577,25.0,
168,AE-EXP9-C2,0,0,0,0,0,0,C_Nov21-22_0811,data/TA_ONLY/SO289_TA_only.dbs,2022-11-30 11:03:00,19326.460416666665,35.0,,0.0,0.0,0.0,False,25.0,98.865,data/TA_ONLY/SO289_TA_only/,1,False,0-0  0  (0)AE-EXP9-C2.dat,0.10117281148021293,True,,0.10052106910126568,2317.2773412331467,631.5858300055795,2303.218918553313,2.750187312052264,7.0,637.645065741854,8.091622369730262,25.0,
169,AE-EXP9-NaOH2,0,0,0,0,0,0,C_Nov21-22_0811,data/TA_ONLY/SO289_TA_only.dbs,2022-11-30 11:18:00,19326.470833333333,35.0,,0.0,0.0,0.0,False,25.0,98.865,data/TA_ONLY/SO289_TA_only/,1,False,0-0  0  (0)AE-EXP9-NaOH2.dat,0.10117281148021293,True,,0.10052106910126568,2524.1406815859336,631.4912776960666,2518.9073751263104,1.2161847037230407,6.0,637.8448937318593,8.379824148769234,25.0,
170,NUTSLAB02,30,11,22,0,0,0,C_Nov21-22_0811,data/TA_ONLY/SO289_TA_only.dbs,2022-11-30 11:33:00,19326.48125,35.0,,0.0,0.0,0.0,False,25.0,98.865,data/TA_ONLY/SO289_TA_only/,1,False,30-11  22  (0)NUTSLAB02.dat,0.10117281148021293,True,,0.10052106910126568,2382.165127093904,631.434157491537,2372.6772761793663,1.7233322160581361,6.0,637.5565527601605,7.955743360070458,25.0,
171,AE-EXP9-NaOH1,0,0,0,0,0,0,C_Nov21-22_0811,data/TA_ONLY/SO289_TA_only.dbs,2022-11-30 11:48:00,19326.491666666665,35.0,,0.0,0.0,0.0,False,25.0,98.865,data/TA_ONLY/SO289_TA_only/,1,False,0-0  0  (0)AE-EXP9-NaOH1.dat,0.10117281148021293,True,,0.10052106910126568,2658.856261195066,631.5657143497637,2644.5343257722525,4.755058912077098,7.0,637.6033672789681,8.429832708387332,25.0,
172,AE-EXP9-NaOH3,0,0,0,0,0,0,C_Nov21-22_0811,data/TA_ONLY/SO289_TA_only.dbs,2022-11-30 12:04:00,19326.50277777778,35.0,,0.0,0.0,0.0,False,25.0,98.865,data/TA_ONLY/SO289_TA_only/,1,False,0-0  0  (0)AE-EXP9-NaOH3.dat,0.10117281148021293,True,,0.10052106910126568,2018.9072078366748,631.790576088957,2001.9984077956883,2.330808635541239,7.0,637.7305593481215,8.115042061847245,25.0,
173,AE-EXP9-C3,0,0,0,0,0,0,C_Nov21-22_0811,data/TA_ONLY/SO289_TA_only.dbs,2022-11-30 12:33:00,19326.522916666665,35.0,,0.0,0.0,0.0,False,25.0,98.865,data/TA_ONLY/SO289_TA_only/,1,False,0-0  0  (0)AE-EXP9-C3.dat,0.10117281148021293,True,,0.10052106910126568,2315.0267053715065,631.6606751569946,2299.491517544491,2.7490765303788454,6.0,637.6315059247545,8.08547693611436,25.0,
174,AE-EXP7-NaOH2,0,0,0,0,0,0,C_Nov21-22_0811,data/TA_ONLY/SO289_TA_only.dbs,2022-11-30 12:51:00,19326.535416666666,35.0,,0.0,0.0,0.0,False,25.0,98.865,data/TA_ONLY/SO289_TA_only/,1,False,0-0  0  (0)AE-EXP7-NaOH2.dat,0.10117281148021293,True,,0.10052106910126568,2714.7237271763015,631.3768589142127,2709.5967257072143,1.9514987553299474,6.0,637.6801834419616,8.40324039432725,25.0,
175,AE-EXP7-NaOH3,0,0,0,0,0,0,C_Nov21-22_0811,data/TA_ONLY/SO289_TA_only.dbs,2022-11-30 13:06:00,19326.545833333334,35.0,,0.0,0.0,0.0,False,25.0,98.865,data/TA_ONLY/SO289_TA_only/,1,False,0-0  0  (0)AE-EXP7-NaOH3.dat,0.10117281148021293,True,,0.10052106910126568,2563.242228181857,631.4369709413277,2557.942819806561,1.8393300584197918,6.0,637.7409985097652,8.35862893002874,25.0,
176,AE-EXP7-C1,0,0,0,0,0,0,C_Nov21-22_0811,data/TA_ONLY/SO289_TA_only.dbs,2022-11-30 13:22:00,19326.556944444445,35.0,,0.0,0.0,0.0,False,25.0,98.865,data/TA_ONLY/SO289_TA_only/,1,False,0-0  0  (0)AE-EXP7-C1.dat,0.10117281148021293,True,,0.10052106910126568,2343.619966085474,631.7044084206044,2327.1362817315658,3.8418590761590377,7.0,637.6501488368405,8.064662690740322,25.0,
177,AE-EXP7-NaOH1,0,0,0,0,0,0,C_Nov21-22_0811,data/TA_ONLY/SO289_TA_only.dbs,2022-11-30 13:37:00,19326.567361111112,35.0,,0.0,0.0,0.0,False,25.0,98.865,data/TA_ONLY/SO289_TA_only/,1,False,0-0  0  (0)AE-EXP7-NaOH1.dat,0.10117281148021293,True,,0.10052106910126568,2777.741687961699,631.4808979481544,2765.7189894488524,3.779434824270884,7.0,637.6230399601791,8.278033739439115,25.0,
178,AE-EXP9-C1,0,0,0,0,0,0,C_Nov21-22_0811,data/TA_ONLY/SO289_TA_only.dbs,2022-11-30 13:58:00,19326.581944444446,35.0,,0.0,0.0,0.0,False,25.0,98.865,data/TA_ONLY/SO289_TA_only/,1,False,0-0  0  (0)AE-EXP9-C1.dat,0.10117281148021293,True,,0.10052106910126568,2311.8160805751522,631.5605187083976,2296.382135264962,2.2933317007374763,6.0,637.5218945100762,8.081933769423612,25.0,
179,AE-EXP7-C2,0,0,0,0,0,0,C_Nov21-22_0811,data/TA_ONLY/SO289_TA_only.dbs,2022-11-30 14:13:00,19326.59236111111,35.0,,0.0,0.0,0.0,False,25.0,98.865,data/TA_ONLY/SO289_TA_only/,1,False,0-0  0  (0)AE-EXP7-C2.dat,0.10117281148021293,True,,0.10052106910126568,2342.384802765904,631.6653710995319,2326.5305409336493,3.8916742411322867,7.0,637.6485371272045,8.066325797273489,25.0,
180,AE-EXP6-C3,0,0,0,0,0,0,C_Nov21-22_0811,data/TA_ONLY/SO289_TA_only.dbs,2022-11-30 14:28:00,19326.602777777778,35.0,,0.0,0.0,0.0,False,25.0,98.865,data/TA_ONLY/SO289_TA_only/,1,False,0-0  0  (0)AE-EXP6-C3.dat,0.10117281148021293,True,,0.10052106910126568,2328.4580502471294,631.6648540665024,2312.6970079352395,3.0736102325413452,7.0,637.6408240602871,8.07380199474802,25.0,
181,NUTSLAB03,30,11,22,0,0,0,C_Nov21-22_0811,data/TA_ONLY/SO289_TA_only.dbs,2022-11-30 14:43:00,19326.613194444446,35.0,,0.0,0.0,0.0,False,25.0,98.865,data/TA_ONLY/SO289_TA_only/,1,False,30-11  22  (0)NUTSLAB03.dat,0.10117281148021293,True,,0.10052106910126568,2382.4536330961337,631.5414882040795,2372.962542184021,1.8795897575233824,6.0,637.6615874018706,7.959209163276221,25.0,
182,AE-EXP6-NaOH1,0,0,0,0,0,0,C_Nov21-22_0811,data/TA_ONLY/SO289_TA_only.dbs,2022-11-30 14:57:00,19326.622916666667,35.0,,0.0,0.0,0.0,False,25.0,98.865,data/TA_ONLY/SO289_TA_only/,1,False,0-0  0  (0)AE-EXP6-NaOH1.dat,0.10117281148021293,True,,0.10052106910126568,2732.9539348686462,631.2660263247017,2728.410638026527,2.095407721314252,6.0,637.5874096697265,8.432098494030793,25.0,
183,AE-EXP7-C3,0,0,0,0,0,0,C_Nov21-22_0811,data/TA_ONLY/SO289_TA_only.dbs,2022-11-30 15:13:00,19326.634027777778,35.0,,0.0,0.0,0.0,False,25.0,98.865,data/TA_ONLY/SO289_TA_only/,1,False,0-0  0  (0)AE-EXP7-C3.dat,0.10117281148021293,True,,0.10052106910126568,2343.5449851674007,631.5846935094187,2328.1889342440227,4.068651275861015,7.0,637.5904067469963,8.065343190352056,25.0,
184,AE-HL-E4-I3,0,0,0,0,0,0,C_Nov21-22_0811,data/TA_ONLY/SO289_TA_only.dbs,2022-11-30 15:28:00,19326.644444444446,35.0,,0.0,0.0,0.0,False,25.0,98.865,data/TA_ONLY/SO289_TA_only/,1,False,0-0  0  (0)AE-HL-E4-I3.dat,0.10117281148021293,True,,0.10052106910126568,2332.8869019665794,631.5454193145695,2317.5552374519502,3.66271369708729,7.0,637.5540510034455,8.058812425777859,25.0,
185,AE-HL-E4-I1,0,0,0,0,0,0,C_Nov21-22_0811,data/TA_ONLY/SO289_TA_only.dbs,2022-11-30 15:43:00,19326.65486111111,35.0,,0.0,0.0,0.0,False,25.0,98.865,data/TA_ONLY/SO289_TA_only/,1,False,0-0  0  (0)AE-HL-E4-I1.dat,0.10117281148021293,True,,0.10052106910126568,2335.6552607355356,631.5278898919853,2319.457513235904,3.6033682036847887,7.0,637.4897060493521,8.056879595768478,25.0,
186,AE-EXP6-C1,0,0,0,0,0,0,C_Nov21-22_0811,data/TA_ONLY/SO289_TA_only.dbs,2022-11-30 15:58:00,19326.665277777778,35.0,,0.0,0.0,0.0,False,25.0,98.865,data/TA_ONLY/SO289_TA_only/,1,False,0-0  0  (0)AE-EXP6-C1.dat,0.10117281148021293,True,,0.10052106910126568,2337.6704613898687,631.4918980854579,2322.542981683114,4.085548003106566,7.0,637.5155942294864,8.071685172217807,25.0,
187,AE-EXP6-NaOH2,0,0,0,0,0,0,C_Nov21-22_0811,data/TA_ONLY/SO289_TA_only.dbs,2022-11-30 16:19:00,19326.67986111111,35.0,,0.0,0.0,0.0,False,25.0,98.865,data/TA_ONLY/SO289_TA_only/,1,False,0-0  0  (0)AE-EXP6-NaOH2.dat,0.10117281148021293,True,,0.10052106910126568,2658.4238881537635,631.3589222996368,2642.221073895606,4.353318834984021,7.0,637.2939557078505,8.408544244037362,25.0,
188,AE-EXP6-NaOH3,0,0,0,0,0,0,C_Nov21-22_0811,data/TA_ONLY/SO289_TA_only.dbs,2022-11-30 16:35:00,19326.690972222223,35.0,,0.0,0.0,0.0,False,25.0,98.865,data/TA_ONLY/SO289_TA_only/,1,False,0-0  0  (0)AE-EXP6-NaOH3.dat,0.10117281148021293,True,,0.10052106910126568,2671.858996731252,631.2118372068051,2664.474453204494,1.3782018277085177,6.0,637.4389309468465,8.424517633633204,25.0,
189,AE-EXP6-C2,0,0,0,0,0,0,C_Nov21-22_0811,data/TA_ONLY/SO289_TA_only.dbs,2022-11-30 16:51:00,19326.702083333334,35.0,,0.0,0.0,0.0,False,25.0,98.865,data/TA_ONLY/SO289_TA_only/,1,False,0-0  0  (0)AE-EXP6-C2.dat,0.10117281148021293,True,,0.10052106910126568,2320.487120918578,631.2651085847489,2306.257927095209,3.218829366355471,7.0,637.322181863736,8.076022401468066,25.0,
190,AE-HL-E1-I2,0,0,0,0,0,0,C_Nov21-22_0811,data/TA_ONLY/SO289_TA_only.dbs,2022-11-30 17:06:00,19326.7125,35.0,,0.0,0.0,0.0,False,25.0,98.865,data/TA_ONLY/SO289_TA_only/,1,False,0-0  0  (0)AE-HL-E1-I2.dat,0.10117281148021293,True,,0.10052106910126568,2305.932827353751,631.1938679902809,2289.8872668190356,2.534530958778764,6.0,637.1406567094839,8.04928908994624,25.0,
191,AE-HL-E1-I1,0,0,0,0,0,0,C_Nov21-22_0811,data/TA_ONLY/SO289_TA_only.dbs,2022-11-30 17:20:00,19326.722222222223,35.0,,0.0,0.0,0.0,False,25.0,98.865,data/TA_ONLY/SO289_TA_only/,1,False,0-0  0  (0)AE-HL-E1-I1.dat,0.10117281148021293,True,,0.10052106910126568,2303.6680247388967,631.1034640392855,2287.4084736410177,2.3359884646943168,6.0,637.0415957762042,8.048459788427142,25.0,
192,NUTSLAB04,30,11,22,0,0,0,C_Nov21-22_0811,data/TA_ONLY/SO289_TA_only.dbs,2022-11-30 17:35:00,19326.73263888889,35.0,,0.0,0.0,0.0,False,25.0,98.865,data/TA_ONLY/SO289_TA_only/,1,False,30-11  22  (0)NUTSLAB04.dat,0.10117281148021293,True,,0.10052106910126568,2381.0615589797003,630.9960672303871,2373.402830286021,2.185849263333094,6.0,637.2160604449452,7.96182029846502,25.0,
193,CRM-198-0119-02,666,0,0,0,0,0,C_Nov21-22_0811,data/TA_ONLY/SO289_TA_only.dbs,2022-11-30 17:50:00,19326.743055555555,33.504,2200.67,0.67,3.8,0.0,True,25.0,98.865,data/TA_ONLY/SO289_TA_only/,1,True,666-0  0  (0)CRM-198-0119-02.dat,0.10106107928593495,True,0.10031985866370582,0.10052106910126568,2214.5895111777872,630.7961489120178,2205.0808553459487,0.8140642588566936,6.0,636.8656163549507,7.911947464780721,25.0,4.410855345948676
194,NUTSLAB01,1,12,22,0,0,0,C_Nov21-22_0811,data/TA_ONLY/SO289_TA_only.dbs,2022-12-01 08:22:00,19327.348611111112,35.0,,0.0,0.0,0.0,False,25.0,98.865,data/TA_ONLY/SO289_TA_only/,1,False,1-12  22  (0)NUTSLAB01.dat,0.10117281148021293,True,,0.10052106910126568,2378.14030727029,628.9831754065258,2369.968767931735,1.573268740813176,6.0,635.184613645011,7.9579080373247315,25.0,
195,NUTSLAB02,1,12,22,0,0,0,C_Nov21-22_0811,data/TA_ONLY/SO289_TA_only.dbs,2022-12-01 08:37:00,19327.359027777777,35.0,,0.0,0.0,0.0,False,25.0,98.865,data/TA_ONLY/SO289_TA_only/,1,False,1-12  22  (0)NUTSLAB02.dat,0.10117281148021293,True,,0.10052106910126568,2379.3723898014314,629.1099209170326,2371.615268046203,1.6499039917799792,6.0,635.3315382997865,7.95870122825868,25.0,
196,CRM-198-0060-02,666,0,0,0,0,0,C_Nov21-22_0811,data/TA_ONLY/SO289_TA_only.dbs,2022-12-01 08:53:00,19327.370138888888,33.504,2200.67,0.67,3.8,0.0,True,25.0,98.865,data/TA_ONLY/SO289_TA_only/,1,True,666-0  0  (0)CRM-198-0060-02.dat,0.10106107928593495,True,0.10108787570891978,0.10052106910126568,2205.9663661435934,629.3647333344667,2188.3369683742094,4.68666666799131,7.0,635.1768973097688,7.883402201250571,25.0,-12.333031625790682
197,NUTSLAB03,1,12,22,0,0,0,C_Nov21-22_0811,data/TA_ONLY/SO289_TA_only.dbs,2022-12-01 09:08:00,19327.380555555555,35.0,,0.0,0.0,0.0,False,25.0,98.865,data/TA_ONLY/SO289_TA_only/,1,False,1-12  22  (0)NUTSLAB03.dat,0.10117281148021293,True,,0.10052106910126568,2380.1985615816557,629.557690403966,2370.275729205134,1.3253558815470132,6.0,635.6634435108168,7.959240538015057,25.0,
198,AE-HL-E1-I3,0,0,0,0,0,0,C_Nov21-22_0811,data/TA_ONLY/SO289_TA_only.dbs,2022-12-01 09:23:00,19327.390972222223,35.0,,0.0,0.0,0.0,False,25.0,98.865,data/TA_ONLY/SO289_TA_only/,1,False,0-0  0  (0)AE-HL-E1-I3.dat,0.10117281148021293,True,,0.10052106910126568,2336.894164743797,630.2330004115342,2320.840932382081,3.5736433937477305,7.0,636.2001509319963,8.057901325883414,25.0,
199,AE-EXP5-NaOH1,0,0,0,0,0,0,C_Nov21-22_0811,data/TA_ONLY/SO289_TA_only.dbs,2022-12-01 09:39:00,19327.402083333334,35.0,,0.0,0.0,0.0,False,25.0,98.865,data/TA_ONLY/SO289_TA_only/,1,False,0-0  0  (0)AE-EXP5-NaOH1.dat,0.10117281148021293,True,,0.10052106910126568,2716.0930377096056,630.0232365680943,2711.17510895538,1.7093276764798182,6.0,636.3405337194556,8.40510570031801,25.0,
200,AE-EXP5-NaOH3,0,0,0,0,0,0,C_Nov21-22_0811,data/TA_ONLY/SO289_TA_only.dbs,2022-12-01 09:54:00,19327.4125,35.0,,0.0,0.0,0.0,False,25.0,98.865,data/TA_ONLY/SO289_TA_only/,1,False,0-0  0  (0)AE-EXP5-NaOH3.dat,0.10117281148021293,True,,0.10052106910126568,2743.890948742276,629.7943025991151,2738.6428932868234,2.302833166614963,6.0,636.0477383136937,8.42213098386256,25.0,
201,AE-EXP5-NaOH2,0,0,0,0,0,0,C_Nov21-22_0811,data/TA_ONLY/SO289_TA_only.dbs,2022-12-01 10:10:00,19327.42361111111,35.0,,0.0,0.0,0.0,False,25.0,98.865,data/TA_ONLY/SO289_TA_only/,1,False,0-0  0  (0)AE-EXP5-NaOH2.dat,0.10117281148021293,True,,0.10052106910126568,2669.1075356179667,629.9916633579924,2664.924373362499,1.556675188187453,6.0,636.393329604018,8.399236735316288,25.0,
202,AE-EXP12-C3,0,0,0,0,0,0,C_Nov21-22_0811,data/TA_ONLY/SO289_TA_only.dbs,2022-12-01 10:26:00,19327.43472222222,35.0,,0.0,0.0,0.0,False,25.0,98.865,data/TA_ONLY/SO289_TA_only/,1,False,0-0  0  (0)AE-EXP12-C3.dat,0.10117281148021293,True,,0.10052106910126568,2308.1822459075574,630.0507404599994,2292.552392473715,2.36377280688813,6.0,636.0138525117977,8.070810556057625,25.0,
203,AE-EXP8-I,0,0,0,0,0,0,C_Nov21-22_0811,data/TA_ONLY/SO289_TA_only.dbs,2022-12-01 10:41:00,19327.44513888889,35.0,,0.0,0.0,0.0,False,25.0,98.865,data/TA_ONLY/SO289_TA_only/,1,False,0-0  0  (0)AE-EXP8-I.dat,0.10117281148021293,True,,0.10052106910126568,2327.759790828155,630.2040797135893,2312.5571258821424,3.1933556424304532,7.0,636.2131051995696,8.065726873660584,25.0,
204,AE-EXP12-NaOH2,0,0,0,0,0,0,C_Nov21-22_0811,data/TA_ONLY/SO289_TA_only.dbs,2022-12-01 10:56:00,19327.455555555556,35.0,,0.0,0.0,0.0,False,25.0,98.865,data/TA_ONLY/SO289_TA_only/,1,False,0-0  0  (0)AE-EXP12-NaOH2.dat,0.10117281148021293,True,,0.10052106910126568,2006.504999337449,630.2895262941885,1989.7307501950913,2.0247700847165957,6.0,636.211846825679,8.135855130562572,25.0,
205,AE-EXP12-NaOH1,0,0,0,0,0,0,C_Nov21-22_0811,data/TA_ONLY/SO289_TA_only.dbs,2022-12-01 11:11:00,19327.46597222222,35.0,,0.0,0.0,0.0,False,25.0,98.865,data/TA_ONLY/SO289_TA_only/,1,False,0-0  0  (0)AE-EXP12-NaOH1.dat,0.10117281148021293,True,,0.10052106910126568,2097.840855921883,630.2754714107349,2083.4582535122527,1.2627831947633927,6.0,636.3517735589393,8.178788783827775,25.0,
206,AE-EXP12-NaOH3,0,0,0,0,0,0,C_Nov21-22_0811,data/TA_ONLY/SO289_TA_only.dbs,2022-12-01 11:26:00,19327.47638888889,35.0,,0.0,0.0,0.0,False,25.0,98.865,data/TA_ONLY/SO289_TA_only/,1,False,0-0  0  (0)AE-EXP12-NaOH3.dat,0.10117281148021293,True,,0.10052106910126568,2309.0833459060354,630.2347574163103,2294.6149563551226,2.4354841631248103,6.0,636.25825153626,8.308210064531021,25.0,
207,AE-EXP12-C1,0,0,0,0,0,0,C_Nov21-22_0811,data/TA_ONLY/SO289_TA_only.dbs,2022-12-01 11:42:00,19327.4875,35.0,,0.0,0.0,0.0,False,25.0,98.865,data/TA_ONLY/SO289_TA_only/,1,False,0-0  0  (0)AE-EXP12-C1.dat,0.10117281148021293,True,,0.10052106910126568,2305.9094727549764,630.2874355375654,2289.803500173617,2.267891492798626,6.0,636.2317409401035,8.099003709241222,25.0,
208,NUTSLAB04,1,12,11,0,0,0,C_Nov21-22_0811,data/TA_ONLY/SO289_TA_only.dbs,2022-12-01 11:57:00,19327.497916666667,35.0,,0.0,0.0,0.0,False,25.0,98.865,data/TA_ONLY/SO289_TA_only/,1,False,1-12  11  (0)NUTSLAB04.dat,0.10117281148021293,True,,0.10052106910126568,2381.280271595234,630.1724736447627,2372.962542154314,1.8795897575233487,6.0,636.3615874007863,7.962589863394081,25.0,
209,AE-EXP12-C2,0,0,0,0,0,0,C_Nov21-22_0811,data/TA_ONLY/SO289_TA_only.dbs,2022-12-01 12:12:00,19327.508333333335,35.0,,0.0,0.0,0.0,False,25.0,98.865,data/TA_ONLY/SO289_TA_only/,1,False,0-0  0  (0)AE-EXP12-C2.dat,0.10117281148021293,True,,0.10052106910126568,2304.417210477703,630.2814894547904,2289.5779775307187,2.611822730018574,6.0,636.2922343019953,8.09833590875706,25.0,
210,AE-EXP9-I1,0,0,0,0,0,0,C_Nov21-22_0811,data/TA_ONLY/SO289_TA_only.dbs,2022-12-01 12:27:00,19327.51875,35.0,,0.0,0.0,0.0,False,25.0,98.865,data/TA_ONLY/SO289_TA_only/,1,False,0-0  0  (0)AE-EXP9-I1.dat,0.10117281148021293,True,,0.10052106910126568,2325.1015062950087,630.2888718453652,2309.970017065378,3.2950937454937987,7.0,636.3056148858359,8.099407262499168,25.0,
211,AE-EXP9-I2,0,0,0,0,0,0,C_Nov21-22_0811,data/TA_ONLY/SO289_TA_only.dbs,2022-12-01 12:42:00,19327.529166666667,35.0,,0.0,0.0,0.0,False,25.0,98.865,data/TA_ONLY/SO289_TA_only/,1,False,0-0  0  (0)AE-EXP9-I2.dat,0.10117281148021293,True,,0.10052106910126568,2325.3189381766006,630.3195865858672,2310.066752135643,3.4408200722813227,7.0,636.3347805285407,8.095674388790252,25.0,
212,AE-EXP7-I2,0,0,0,0,0,0,C_Nov21-22_0811,data/TA_ONLY/SO289_TA_only.dbs,2022-12-01 12:57:00,19327.539583333335,35.0,,0.0,0.0,0.0,False,25.0,98.865,data/TA_ONLY/SO289_TA_only/,1,False,0-0  0  (0)AE-EXP7-I2.dat,0.10117281148021293,True,,0.10052106910126568,2345.3977876736603,630.3046122949984,2329.742129481756,4.189008355056367,7.0,636.2939627178159,8.069629173877463,25.0,
213,AE-EXP7-I1,0,0,0,0,0,0,C_Nov21-22_0811,data/TA_ONLY/SO289_TA_only.dbs,2022-12-01 13:12:00,19327.55,35.0,,0.0,0.0,0.0,False,25.0,98.865,data/TA_ONLY/SO289_TA_only/,1,False,0-0  0  (0)AE-EXP7-I1.dat,0.10117281148021293,True,,0.10052106910126568,2346.1925603836526,630.1148624328556,2331.224979893283,4.332773485159155,7.0,636.1480036105112,8.069697479109887,25.0,
214,AE-EXP9-I3,0,0,0,0,0,0,C_Nov21-22_0811,data/TA_ONLY/SO289_TA_only.dbs,2022-12-01 13:27:00,19327.560416666667,35.0,,0.0,0.0,0.0,False,25.0,98.865,data/TA_ONLY/SO289_TA_only/,1,False,0-0  0  (0)AE-EXP9-I3.dat,0.10117281148021293,True,,0.10052106910126568,2326.6701726527253,630.2891177682836,2310.2726029293412,3.3018671807928874,7.0,636.2459212690064,8.100933756508583,25.0,
215,AE-EXP7-I3,0,0,0,0,0,0,C_Nov21-22_0811,data/TA_ONLY/SO289_TA_only.dbs,2022-12-01 13:42:00,19327.570833333335,35.0,,0.0,0.0,0.0,False,25.0,98.865,data/TA_ONLY/SO289_TA_only/,1,False,0-0  0  (0)AE-EXP7-I3.dat,0.10117281148021293,True,,0.10052106910126568,2345.2560519272656,630.2154941516793,2329.6557308403253,4.107813975834143,7.0,636.2186497573955,8.071736821335898,25.0,
216,AE-EXP12-I3,0,0,0,0,0,0,C_Nov21-22_0811,data/TA_ONLY/SO289_TA_only.dbs,2022-12-01 13:57:00,19327.58125,35.0,,0.0,0.0,0.0,False,25.0,98.865,data/TA_ONLY/SO289_TA_only/,1,False,0-0  0  (0)AE-EXP12-I3.dat,0.10117281148021293,True,,0.10052106910126568,2308.823694803758,630.1638380605586,2292.975928105937,2.340497787574178,6.0,636.1108062242962,8.102875714428555,25.0,
217,AE-EXP12-I1,0,0,0,0,0,0,C_Nov21-22_0811,data/TA_ONLY/SO289_TA_only.dbs,2022-12-01 14:13:00,19327.59236111111,35.0,,0.0,0.0,0.0,False,25.0,98.865,data/TA_ONLY/SO289_TA_only/,1,False,0-0  0  (0)AE-EXP12-I1.dat,0.10117281148021293,True,,0.10052106910126568,2309.3187949845055,630.1214336261431,2294.7085664471656,2.735142696129515,6.0,636.1318655083245,8.104076865084515,25.0,
218,AE-EXP5-I1,0,0,0,0,0,0,C_Nov21-22_0811,data/TA_ONLY/SO289_TA_only.dbs,2022-12-01 14:30:00,19327.604166666668,35.0,,0.0,0.0,0.0,False,25.0,98.865,data/TA_ONLY/SO289_TA_only/,1,False,0-0  0  (0)AE-EXP5-I1.dat,0.10117281148021293,True,,0.10052106910126568,2355.211695897242,630.1153206100194,2339.210672832711,4.492695474099569,7.0,636.0950860198662,8.072183686716574,25.0,
219,NUTSLAB05,1,12,22,0,0,0,C_Nov21-22_0811,data/TA_ONLY/SO289_TA_only.dbs,2022-12-01 14:50:00,19327.618055555555,35.0,,0.0,0.0,0.0,False,25.0,98.865,data/TA_ONLY/SO289_TA_only/,1,False,1-12  22  (0)NUTSLAB05.dat,0.10117281148021293,True,,0.10052106910126568,2382.185717572129,629.8850768515089,2374.5365477949804,1.826012654136074,6.0,636.1078953036832,7.961682278994137,25.0,
220,AE-EXP5-I2,0,0,0,0,0,0,C_Nov21-22_0811,data/TA_ONLY/SO289_TA_only.dbs,2022-12-01 15:05:00,19327.628472222223,35.0,,0.0,0.0,0.0,False,25.0,98.865,data/TA_ONLY/SO289_TA_only/,1,False,0-0  0  (0)AE-EXP5-I2.dat,0.10117281148021293,True,,0.10052106910126568,2353.914291338294,630.0056733511776,2338.532355708476,4.706452291761488,7.0,636.0184985926544,8.071734266122595,25.0,
221,AE-EXP5-I3,0,0,0,0,0,0,C_Nov21-22_0811,data/TA_ONLY/SO289_TA_only.dbs,2022-12-01 15:20:00,19327.63888888889,35.0,,0.0,0.0,0.0,False,25.0,98.865,data/TA_ONLY/SO289_TA_only/,1,False,0-0  0  (0)AE-EXP5-I3.dat,0.10117281148021293,True,,0.10052106910126568,2353.2108119910827,629.9319679086418,2338.0641047338067,4.572307367370143,7.0,635.9585030955894,8.074100832333292,25.0,
222,AE-EXP10-I3,0,0,0,0,0,0,C_Nov21-22_0811,data/TA_ONLY/SO289_TA_only.dbs,2022-12-01 15:35:00,19327.649305555555,35.0,,0.0,0.0,0.0,False,25.0,98.865,data/TA_ONLY/SO289_TA_only/,1,False,0-0  0  (0)AE-EXP10-I3.dat,0.10117281148021293,True,,0.10052106910126568,2317.6626989022366,629.9284183775835,2304.0195138389076,3.2134166323706217,7.0,636.0232159538426,8.098859607130159,25.0,
223,AE-EXP10-I1,0,0,0,0,0,0,C_Nov21-22_0811,data/TA_ONLY/SO289_TA_only.dbs,2022-12-01 15:51:00,19327.660416666666,35.0,,0.0,0.0,0.0,False,25.0,98.865,data/TA_ONLY/SO289_TA_only/,1,False,0-0  0  (0)AE-EXP10-I1.dat,0.10117281148021293,True,,0.10052106910126568,2318.7580929204505,629.9094712291907,2303.9374350230173,3.1104470230310595,7.0,635.94813473269,8.10012599675942,25.0,
224,AE-EXP10-I2,0,0,0,0,0,0,C_Nov21-22_0811,data/TA_ONLY/SO289_TA_only.dbs,2022-12-01 16:06:00,19327.670833333334,35.0,,0.0,0.0,0.0,False,25.0,98.865,data/TA_ONLY/SO289_TA_only/,1,False,0-0  0  (0)AE-EXP10-I2.dat,0.10117281148021293,True,,0.10052106910126568,2317.8569016399147,629.8581089188528,2302.922571380129,3.135990811510572,7.0,635.8963594998028,8.1000959891091,25.0,
225,AE-EXP8-C2,0,0,0,0,0,0,C_Nov21-22_0811,data/TA_ONLY/SO289_TA_only.dbs,2022-12-01 16:21:00,19327.68125,35.0,,0.0,0.0,0.0,False,25.0,98.865,data/TA_ONLY/SO289_TA_only/,1,False,0-0  0  (0)AE-EXP8-C2.dat,0.10117281148021293,True,,0.10052106910126568,2314.8793308473255,629.7939290855214,2300.3119571721086,2.6930333554869557,7.0,635.8300409026403,8.068548671431115,25.0,
226,NUTSLAB06,1,12,11,0,0,0,C_Nov21-22_0811,data/TA_ONLY/SO289_TA_only.dbs,2022-12-01 16:36:00,19327.691666666666,35.0,,0.0,0.0,0.0,False,25.0,98.865,data/TA_ONLY/SO289_TA_only/,1,False,1-12  11  (0)NUTSLAB06.dat,0.10117281148021293,True,,0.10052106910126568,2381.551354765918,629.6012199846755,2373.263851410686,1.676500026000799,6.0,635.7902665428078,7.9630746412907705,25.0,
227,CRM-198-0616-02,666,0,0,0,0,0,C_Nov21-22_0811,data/TA_ONLY/SO289_TA_only.dbs,2022-12-01 16:51:00,19327.702083333334,33.504,2200.67,0.67,3.8,0.0,True,25.0,98.865,data/TA_ONLY/SO289_TA_only/,1,True,666-0  0  (0)CRM-198-0616-02.dat,0.10106107928593495,True,0.1003645284314446,0.10052106910126568,2212.2069100328345,629.4711278782341,2204.100083489735,1.2860144882617384,6.0,635.6196931997694,7.909480852627749,25.0,3.4300834897348977
228,NUTSLAB01,2,12,22,0,0,0,C_Nov21-22_0811,data/TA_ONLY/SO289_TA_only.dbs,2022-12-02 08:23:00,19328.349305555555,35.0,,0.0,0.0,0.0,False,25.0,98.865,data/TA_ONLY/SO289_TA_only/,1,False,2-12  22  (0)NUTSLAB01.dat,0.10117281148021293,True,,0.10052106910126568,2378.7659237603675,628.8441723594069,2370.455528935828,1.497625326389396,6.0,635.0378569999884,7.956272511309706,25.0,
229,NUTSLAB02,2,12,22,0,0,0,C_Nov21-22_0811,data/TA_ONLY/SO289_TA_only.dbs,2022-12-02 08:39:00,19328.360416666666,35.0,,0.0,0.0,0.0,False,25.0,98.865,data/TA_ONLY/SO289_TA_only/,1,False,2-12  22  (0)NUTSLAB02.dat,0.10117281148021293,True,,0.10052106910126568,2381.9991213794515,629.0267471945722,2374.539865727173,1.5479577178087935,6.0,635.2695263929602,7.961878885119651,25.0,
230,NUTSLAB03,2,12,22,0,0,0,C_Nov21-22_0811,data/TA_ONLY/SO289_TA_only.dbs,2022-12-02 08:59:00,19328.374305555557,35.0,,0.0,0.0,0.0,False,25.0,98.865,data/TA_ONLY/SO289_TA_only/,1,False,2-12  22  (0)NUTSLAB03.dat,0.10117281148021293,True,,0.10052106910126568,2380.4560125129537,629.3191299934183,2373.0402362145587,2.141535563968274,6.0,635.5555775036917,7.962488275094449,25.0,
231,CRM-195-0327-02,666,0,0,0,0,0,C_Nov21-22_0811,data/TA_ONLY/SO289_TA_only.dbs,2022-12-02 09:16:00,19328.38611111111,33.485,2213.51,0.49,3.6,0.0,True,25.0,98.865,data/TA_ONLY/SO289_TA_only/,1,True,666-0  0  (0)CRM-195-0327-02.dat,0.10105966083311879,True,0.10070738611166055,0.10052106910126568,2218.4381097800956,629.4791668997955,2209.4175673968343,1.194422584504655,6.0,635.5708650464562,7.938236612096616,25.0,-4.092432603165889
232,NUTSLAB04,2,12,22,0,0,0,C_Nov21-22_0811,data/TA_ONLY/SO289_TA_only.dbs,2022-12-02 09:31:00,19328.39652777778,35.0,,0.0,0.0,0.0,False,25.0,98.865,data/TA_ONLY/SO289_TA_only/,1,False,2-12  22  (0)NUTSLAB04.dat,0.10117281148021293,True,,0.10052106910126568,2380.787586428549,629.6783189478048,2371.7425592314466,2.031259197031326,6.0,635.8255848903891,7.9619812949350655,25.0,
233,AE-EXP12-I2,0,0,0,0,0,0,C_Nov21-22_0811,data/TA_ONLY/SO289_TA_only.dbs,2022-12-02 09:46:00,19328.406944444443,35.0,,0.0,0.0,0.0,False,25.0,98.865,data/TA_ONLY/SO289_TA_only/,1,False,0-0  0  (0)AE-EXP12-I2.dat,0.10117281148021293,True,,0.10052106910126568,2309.717581512624,629.8976258413699,2293.437138282696,2.376739448968783,6.0,635.8334756865895,8.099878207563679,25.0,
234,AE-EXP8-C1,0,0,0,0,0,0,C_Nov21-22_0811,data/TA_ONLY/SO289_TA_only.dbs,2022-12-02 10:05:00,19328.42013888889,35.0,,0.0,0.0,0.0,False,25.0,98.865,data/TA_ONLY/SO289_TA_only/,1,False,0-0  0  (0)AE-EXP8-C1.dat,0.10117281148021293,True,,0.10052106910126568,2322.357469804664,630.0042499193746,2308.5686620875304,3.5475539297754857,7.0,636.0945635385854,8.067948979783651,25.0,
235,AE-EXP8-NaOH3,0,0,0,0,0,0,C_Nov21-22_0811,data/TA_ONLY/SO289_TA_only.dbs,2022-12-02 10:23:00,19328.432638888888,35.0,,0.0,0.0,0.0,False,25.0,98.865,data/TA_ONLY/SO289_TA_only/,1,False,0-0  0  (0)AE-EXP8-NaOH3.dat,0.10117281148021293,True,,0.10052106910126568,2744.3663992847705,629.8278788075866,2739.787806644448,2.2981422029659555,6.0,636.1262141100459,8.447122400492956,25.0,
236,AE-EXP8-NaOH2,0,0,0,0,0,0,C_Nov21-22_0811,data/TA_ONLY/SO289_TA_only.dbs,2022-12-02 10:39:00,19328.44375,35.0,,0.0,0.0,0.0,False,25.0,98.865,data/TA_ONLY/SO289_TA_only/,1,False,0-0  0  (0)AE-EXP8-NaOH2.dat,0.10117281148021293,True,,0.10052106910126568,2743.2970003483388,629.9039833411493,2738.642893270625,2.3028331666149486,6.0,636.1977383128877,8.426356859019172,25.0,
237,AE-EXP10-C2,0,0,0,0,0,0,C_Nov21-22_0811,data/TA_ONLY/SO289_TA_only.dbs,2022-12-02 10:55:00,19328.45486111111,35.0,,0.0,0.0,0.0,False,25.0,98.865,data/TA_ONLY/SO289_TA_only/,1,False,0-0  0  (0)AE-EXP10-C2.dat,0.10117281148021293,True,,0.10052106910126568,2309.43675567168,630.1647822353218,2294.2676133935015,2.2478579998621657,6.0,636.1553770804184,8.066441416427297,25.0,
238,AE-EXP10-C1,0,0,0,0,0,0,C_Nov21-22_0811,data/TA_ONLY/SO289_TA_only.dbs,2022-12-02 11:10:00,19328.465277777777,35.0,,0.0,0.0,0.0,False,25.0,98.865,data/TA_ONLY/SO289_TA_only/,1,False,0-0  0  (0)AE-EXP10-C1.dat,0.10117281148021293,True,,0.10052106910126568,2308.750528814032,630.2388529351216,2293.0562792705196,2.4300391013117135,6.0,636.2052216195394,8.09010368954754,25.0,
239,AE-EXP8-NaOH1,0,0,0,0,0,0,C_Nov21-22_0811,data/TA_ONLY/SO289_TA_only.dbs,2022-12-02 11:25:00,19328.475694444445,35.0,,0.0,0.0,0.0,False,25.0,98.865,data/TA_ONLY/SO289_TA_only/,1,False,0-0  0  (0)AE-EXP8-NaOH1.dat,0.10117281148021293,True,,0.10052106910126568,2748.2303811937527,629.9642723751545,2743.295089858433,2.350920617914062,6.0,636.2304101560363,8.427754302576128,25.0,
240,AE-EXP8-C3,0,0,0,0,0,0,C_Nov21-22_0811,data/TA_ONLY/SO289_TA_only.dbs,2022-12-02 11:40:00,19328.48611111111,35.0,,0.0,0.0,0.0,False,25.0,98.865,data/TA_ONLY/SO289_TA_only/,1,False,0-0  0  (0)AE-EXP8-C3.dat,0.10117281148021293,True,,0.10052106910126568,2323.8691979454093,630.2685912217732,2309.2325077285104,3.413674806882395,7.0,636.3153729677824,8.064920031848068,25.0,
241,AE-EXP11-I2,0,0,0,0,0,0,C_Nov21-22_0811,data/TA_ONLY/SO289_TA_only.dbs,2022-12-02 11:56:00,19328.49722222222,35.0,,0.0,0.0,0.0,False,25.0,98.865,data/TA_ONLY/SO289_TA_only/,1,False,0-0  0  (0)AE-EXP11-I2.dat,0.10117281148021293,True,,0.10052106910126568,2312.2798555917175,630.2225915500632,2296.852579104165,2.6733060979374335,6.0,636.2023295486682,8.10695830410654,25.0,
242,AE-EXP10-NaOH2,0,0,0,0,0,0,C_Nov21-22_0811,data/TA_ONLY/SO289_TA_only.dbs,2022-12-02 12:11:00,19328.50763888889,35.0,,0.0,0.0,0.0,False,25.0,98.865,data/TA_ONLY/SO289_TA_only/,1,False,0-0  0  (0)AE-EXP10-NaOH2.dat,0.10117281148021293,True,,0.10052106910126568,2435.5478677461238,630.2067621409393,2424.589281052283,2.326730091739535,6.0,636.3863938180016,8.339957243869344,25.0,
243,AE-EXP11-I1,0,0,0,0,0,0,C_Nov21-22_0811,data/TA_ONLY/SO289_TA_only.dbs,2022-12-02 12:26:00,19328.518055555556,35.0,,0.0,0.0,0.0,False,25.0,98.865,data/TA_ONLY/SO289_TA_only/,1,False,0-0  0  (0)AE-EXP11-I1.dat,0.10117281148021293,True,,0.10052106910126568,2313.2314606309646,630.2754812262676,2297.8512461554965,2.5168330522602544,6.0,636.252013094571,8.103572254788304,25.0,
244,NUTSLAB05,2,12,22,0,0,0,C_Nov21-22_0811,data/TA_ONLY/SO289_TA_only.dbs,2022-12-02 12:42:00,19328.529166666667,35.0,,0.0,0.0,0.0,False,25.0,98.865,data/TA_ONLY/SO289_TA_only/,1,False,2-12  22  (0)NUTSLAB05.dat,0.10117281148021293,True,,0.10052106910126568,2382.1359352431405,630.2050763899005,2373.634722040817,1.8342843801003192,6.0,636.3823453125608,7.962940744769896,25.0,
245,AE-EXP11-I3,0,0,0,0,0,0,C_Nov21-22_0811,data/TA_ONLY/SO289_TA_only.dbs,2022-12-02 12:57:00,19328.539583333335,35.0,,0.0,0.0,0.0,False,25.0,98.865,data/TA_ONLY/SO289_TA_only/,1,False,0-0  0  (0)AE-EXP11-I3.dat,0.10117281148021293,True,,0.10052106910126568,2315.876379907696,630.2709738987794,2300.472243541407,2.7011863019961746,7.0,636.2655826673732,8.102956453037358,25.0,
246,AE-EXP10-NaOH3,0,0,0,0,0,0,C_Nov21-22_0811,data/TA_ONLY/SO289_TA_only.dbs,2022-12-02 13:13:00,19328.550694444446,35.0,,0.0,0.0,0.0,False,25.0,98.865,data/TA_ONLY/SO289_TA_only/,1,False,0-0  0  (0)AE-EXP10-NaOH3.dat,0.10117281148021293,True,,0.10052106910126568,2383.5175855693356,630.1668728147496,2376.4235149008514,1.3776693326879939,6.0,636.4191570606544,8.300787830763623,25.0,
247,AE-EXP10-NaOH1,0,0,0,0,0,0,C_Nov21-22_0811,data/TA_ONLY/SO289_TA_only.dbs,2022-12-02 13:29:00,19328.561805555557,35.0,,0.0,0.0,0.0,False,25.0,98.865,data/TA_ONLY/SO289_TA_only/,1,False,0-0  0  (0)AE-EXP10-NaOH1.dat,0.10117281148021293,True,,0.10052106910126568,2724.0141059617304,629.9985354444898,2718.8852068621422,1.7948030743633063,6.0,636.2901533109027,8.36453086844752,25.0,
248,AE-EXP10-C3,0,0,0,0,0,0,C_Nov21-22_0811,data/TA_ONLY/SO289_TA_only.dbs,2022-12-02 13:44:00,19328.57222222222,35.0,,0.0,0.0,0.0,False,25.0,98.865,data/TA_ONLY/SO289_TA_only/,1,False,0-0  0  (0)AE-EXP10-C3.dat,0.10117281148021293,True,,0.10052106910126568,2307.8467410529734,630.1492017477566,2294.3721805468736,2.9007034752005914,6.0,636.2295965998796,8.089670537010273,25.0,
249,AE-EXP3-C3,0,0,0,0,0,0,C_Nov21-22_0811,data/TA_ONLY/SO289_TA_only.dbs,2022-12-02 13:59:00,19328.58263888889,35.0,,0.0,0.0,0.0,False,25.0,98.865,data/TA_ONLY/SO289_TA_only/,1,False,0-0  0  (0)AE-EXP3-C3.dat,0.10117281148021293,True,,0.10052106910126568,2330.35764888933,630.1452698218719,2315.0645853614396,3.45909444386425,7.0,636.1587228201371,8.048749295425923,25.0,
250,AE-EXP3-NaOH2,0,0,0,0,0,0,C_Nov21-22_0811,data/TA_ONLY/SO289_TA_only.dbs,2022-12-02 14:14:00,19328.593055555557,35.0,,0.0,0.0,0.0,False,25.0,98.865,data/TA_ONLY/SO289_TA_only/,1,False,0-0  0  (0)AE-EXP3-NaOH2.dat,0.10117281148021293,True,,0.10052106910126568,2800.389628019395,629.9444331062443,2786.7362271243655,4.151500890610925,7.0,636.0026091638666,8.411226042839164,25.0,
251,AE-EXP3-NaOH1,0,0,0,0,0,0,C_Nov21-22_0811,data/TA_ONLY/SO289_TA_only.dbs,2022-12-02 14:30:00,19328.604166666668,35.0,,0.0,0.0,0.0,False,25.0,98.865,data/TA_ONLY/SO289_TA_only/,1,False,0-0  0  (0)AE-EXP3-NaOH1.dat,0.10117281148021293,True,,0.10052106910126568,2809.8598363566066,629.8869017156859,2796.2060753397686,4.866223776296212,7.0,635.9577805281339,8.425681432577377,25.0,
252,AE-EXP3-C1,0,0,0,0,0,0,C_Nov21-22_0811,data/TA_ONLY/SO289_TA_only.dbs,2022-12-02 14:46:00,19328.61527777778,35.0,,0.0,0.0,0.0,False,25.0,98.865,data/TA_ONLY/SO289_TA_only/,1,False,0-0  0  (0)AE-EXP3-C1.dat,0.10117281148021293,True,,0.10052106910126568,2329.541325149354,630.0019513614905,2315.45167929192,3.600427345738448,7.0,636.0797105955272,8.050794412369616,25.0,
253,AE-EXP3-NaOH3,0,0,0,0,0,0,C_Nov21-22_0811,data/TA_ONLY/SO289_TA_only.dbs,2022-12-02 15:01:00,19328.625694444443,35.0,,0.0,0.0,0.0,False,25.0,98.865,data/TA_ONLY/SO289_TA_only/,1,False,0-0  0  (0)AE-EXP3-NaOH3.dat,0.10117281148021293,True,,0.10052106910126568,2803.4327138167805,629.7591973368807,2790.8639141389062,4.512144964460223,7.0,635.8843134567202,8.436272032362368,25.0,
254,SO289-09032022-21-20,0,0,0,0,0,0,C_Nov21-22_0811,data/TA_ONLY/SO289_TA_only.dbs,2022-12-02 15:17:00,19328.636805555554,35.0,,0.0,0.0,0.0,False,25.0,98.865,data/TA_ONLY/SO289_TA_only/,1,False,0-0  0  (0)SO289-09032022-21-20.dat,0.10117281148021293,True,,0.10052106910126568,2333.986295142519,629.8891225383837,2318.959368452951,4.073595882775875,7.0,635.9252915272721,8.003389912739722,25.0,
255,NUTSLAB06,2,12,22,0,0,0,C_Nov21-22_0811,data/TA_ONLY/SO289_TA_only.dbs,2022-12-02 15:47:00,19328.65763888889,35.0,,0.0,0.0,0.0,False,25.0,98.865,data/TA_ONLY/SO289_TA_only/,1,False,2-12  22  (0)NUTSLAB06.dat,0.10117281148021293,True,,0.10052106910126568,2380.9139864284857,629.6006097660606,2373.3505711091966,1.6978004967840703,6.0,635.8273473483005,7.962011086643571,25.0,
256,CRM-195-0406-02,666,0,0,0,0,0,C_Nov21-22_0811,data/TA_ONLY/SO289_TA_only.dbs,2022-12-02 16:02:00,19328.668055555554,33.485,2213.51,0.49,3.6,0.0,True,25.0,98.865,data/TA_ONLY/SO289_TA_only/,1,True,666-0  0  (0)CRM-195-0406-02.dat,0.10105966083311879,True,0.10064900914691337,0.10052106910126568,2218.690813156362,629.4543686689452,2210.6981731103524,1.3963212925044948,6.0,635.5966121366963,7.946278403360444,25.0,-2.8118268896478185
